dataset,seed,support_rule,draw,n_queries,coverage,mean_cost_valid,mean_changed_valid,sparse_share_leq3
breast_cancer,7,nearest_positive,0,83,0.3493975903614458,0.8259794841391499,1.103448275862069,1.0
breast_cancer,7,random,0,83,0.08433734939759036,0.5997225564734004,1.1428571428571428,1.0
breast_cancer,7,random,1,83,0.08433734939759036,0.9434209852815084,1.0,1.0
breast_cancer,7,random,2,83,0.060240963855421686,0.946063684376161,1.0,1.0
breast_cancer,7,random,3,83,0.07228915662650602,0.7654342262974309,1.1666666666666667,1.0
breast_cancer,7,random,4,83,0.060240963855421686,1.1332072031463807,1.4,1.0
breast_cancer,7,feature_importance,0,83,1.0,1.68083782728106,1.6746987951807228,1.0
breast_cancer,13,nearest_positive,0,73,0.2876712328767123,0.7018517587196682,1.0476190476190477,1.0
breast_cancer,13,random,0,73,0.0410958904109589,1.059408678691904,1.6666666666666667,1.0
breast_cancer,13,random,1,73,0.0410958904109589,0.7417606694729244,1.0,1.0
breast_cancer,13,random,2,73,0.0958904109589041,0.6487591049064397,1.1428571428571428,1.0
breast_cancer,13,random,3,73,0.0410958904109589,0.6500074410205766,1.0,1.0
breast_cancer,13,random,4,73,0.0684931506849315,0.5958203691052394,1.2,1.0
breast_cancer,13,feature_importance,0,73,1.0,1.793409925061025,1.917808219178082,1.0
breast_cancer,19,nearest_positive,0,73,0.0684931506849315,1.415541750204291,1.0,1.0
breast_cancer,19,random,0,73,0.0958904109589041,1.4236542063243096,1.1428571428571428,1.0
breast_cancer,19,random,1,73,0.0821917808219178,1.5686047461636174,1.3333333333333333,1.0
breast_cancer,19,random,2,73,0.0684931506849315,0.6322511557547497,1.2,1.0
breast_cancer,19,random,3,73,0.0410958904109589,1.0774319452606844,1.3333333333333333,1.0
breast_cancer,19,random,4,73,0.0958904109589041,0.8736029146883482,1.0,1.0
breast_cancer,19,feature_importance,0,73,1.0,1.3373435617526253,1.6027397260273972,1.0
breast_cancer,29,nearest_positive,0,89,0.29213483146067415,0.9351492580592881,1.1923076923076923,1.0
breast_cancer,29,random,0,89,0.12359550561797752,0.6921644266075199,1.1818181818181819,1.0
breast_cancer,29,random,1,89,0.11235955056179775,1.301890780398087,1.2,1.0
breast_cancer,29,random,2,89,0.11235955056179775,0.5464384630804818,1.1,1.0
breast_cancer,29,random,3,89,0.10112359550561797,0.906397638669106,1.1111111111111112,1.0
breast_cancer,29,random,4,89,0.11235955056179775,0.9863964051528695,1.2,1.0
breast_cancer,29,feature_importance,0,89,1.0,1.2265926528960105,1.595505617977528,1.0
breast_cancer,37,nearest_positive,0,74,0.06756756756756757,0.25313330469709816,1.0,1.0
breast_cancer,37,random,0,74,0.05405405405405406,0.11688120820633188,1.0,1.0
breast_cancer,37,random,1,74,0.04054054054054054,0.1353040774370082,1.0,1.0
breast_cancer,37,random,2,74,0.06756756756756757,0.45524848688264213,1.0,1.0
breast_cancer,37,random,3,74,0.05405405405405406,0.44560440561313286,1.0,1.0
breast_cancer,37,random,4,74,0.06756756756756757,0.32624664726815916,1.0,1.0
breast_cancer,37,feature_importance,0,74,1.0,1.5703205872756913,2.0945945945945947,1.0
breast_cancer,41,nearest_positive,0,82,0.3048780487804878,0.6797677987231885,1.0,1.0
breast_cancer,41,random,0,82,0.10975609756097561,1.5249230213842317,1.0,1.0
breast_cancer,41,random,1,82,0.24390243902439024,1.0255710232121924,1.1,1.0
breast_cancer,41,random,2,82,0.13414634146341464,1.8594455147778106,1.0909090909090908,1.0
breast_cancer,41,random,3,82,0.10975609756097561,1.6084407048282767,1.1111111111111112,1.0
breast_cancer,41,random,4,82,0.23170731707317074,1.4834153486549129,1.0526315789473684,1.0
breast_cancer,41,feature_importance,0,82,1.0,1.265519297154056,1.0975609756097562,1.0
breast_cancer,53,nearest_positive,0,83,0.1927710843373494,0.7510668101888041,1.0625,1.0
breast_cancer,53,random,0,83,0.04819277108433735,0.7451440354610399,1.25,1.0
breast_cancer,53,random,1,83,0.10843373493975904,1.59436267449792,1.3333333333333333,1.0
breast_cancer,53,random,2,83,0.060240963855421686,0.7785374073472073,1.0,1.0
breast_cancer,53,random,3,83,0.0963855421686747,0.9562771741525834,1.0,1.0
breast_cancer,53,random,4,83,0.0963855421686747,1.0001239262167458,1.125,1.0
breast_cancer,53,feature_importance,0,83,1.0,1.5562735861599788,1.6506024096385543,1.0
breast_cancer,61,nearest_positive,0,77,0.8961038961038961,1.09487318948143,1.0,1.0
breast_cancer,61,random,0,77,0.24675324675324675,1.3509976753628146,1.0,1.0
breast_cancer,61,random,1,77,0.22077922077922077,0.807107469338855,1.0588235294117647,1.0
breast_cancer,61,random,2,77,0.3116883116883117,1.107936765948275,1.0,1.0
breast_cancer,61,random,3,77,0.2077922077922078,0.8078548829023475,1.0,1.0
breast_cancer,61,random,4,77,0.18181818181818182,1.2483777008969916,1.0,1.0
breast_cancer,61,feature_importance,0,77,1.0,0.9186115434878185,1.103896103896104,1.0
breast_cancer,73,nearest_positive,0,83,0.26506024096385544,0.9149258547427469,1.0,1.0
breast_cancer,73,random,0,83,0.13253012048192772,1.03394190393788,1.0,1.0
breast_cancer,73,random,1,83,0.10843373493975904,0.913978665089854,1.1111111111111112,1.0
breast_cancer,73,random,2,83,0.21686746987951808,0.8017136449537663,1.0,1.0
breast_cancer,73,random,3,83,0.13253012048192772,0.4246512861893941,1.0909090909090908,1.0
breast_cancer,73,random,4,83,0.060240963855421686,0.8147282989687972,1.0,1.0
breast_cancer,73,feature_importance,0,83,1.0,1.0528915714335936,1.0120481927710843,1.0
breast_cancer,89,nearest_positive,0,72,0.625,1.2381181463286186,1.1555555555555554,1.0
breast_cancer,89,random,0,72,0.19444444444444445,1.262776802265579,1.0,1.0
breast_cancer,89,random,1,72,0.2222222222222222,1.0569794369427248,1.0625,1.0
breast_cancer,89,random,2,72,0.16666666666666666,0.8571967165938887,1.1666666666666667,1.0
breast_cancer,89,random,3,72,0.2222222222222222,2.0146563858535376,1.0,1.0
breast_cancer,89,random,4,72,0.20833333333333334,1.4011520954696401,1.0666666666666667,1.0
breast_cancer,89,feature_importance,0,72,1.0,1.301658646138429,1.2638888888888888,1.0
wine_binary,7,nearest_positive,0,21,0.0,,,
wine_binary,7,random,0,21,0.0,,,
wine_binary,7,random,1,21,0.047619047619047616,0.8304884170042331,1.0,1.0
wine_binary,7,random,2,21,0.047619047619047616,1.061580606532698,1.0,1.0
wine_binary,7,random,3,21,0.0,,,
wine_binary,7,random,4,21,0.047619047619047616,0.8304884170042331,1.0,1.0
wine_binary,7,feature_importance,0,21,0.09523809523809523,0.9460345117684656,1.0,1.0
wine_binary,13,nearest_positive,0,22,0.0,,,
wine_binary,13,random,0,22,0.13636363636363635,0.5959003632855675,1.0,1.0
wine_binary,13,random,1,22,0.22727272727272727,0.6997133691853609,1.0,1.0
wine_binary,13,random,2,22,0.36363636363636365,0.9104982046529947,1.0,1.0
wine_binary,13,random,3,22,0.22727272727272727,0.6566856506556464,1.0,1.0
wine_binary,13,random,4,22,0.22727272727272727,0.8759223655122226,1.0,1.0
wine_binary,13,feature_importance,0,22,1.0,0.8698686399801784,1.0,1.0
wine_binary,19,nearest_positive,0,22,0.36363636363636365,1.0775388884598673,1.0,1.0
wine_binary,19,random,0,22,0.45454545454545453,1.1924280901817201,1.0,1.0
wine_binary,19,random,1,22,0.2727272727272727,0.8302849610375164,1.0,1.0
wine_binary,19,random,2,22,0.45454545454545453,1.1216858565299568,1.0,1.0
wine_binary,19,random,3,22,0.3181818181818182,1.3963893126976559,1.0,1.0
wine_binary,19,random,4,22,0.22727272727272727,0.9621536964529428,1.0,1.0
wine_binary,19,feature_importance,0,22,1.0,1.0570903802514908,1.0,1.0
wine_binary,29,nearest_positive,0,17,0.0,,,
wine_binary,29,random,0,17,0.0,,,
wine_binary,29,random,1,17,0.0,,,
wine_binary,29,random,2,17,0.0,,,
wine_binary,29,random,3,17,0.0,,,
wine_binary,29,random,4,17,0.0,,,
wine_binary,29,feature_importance,0,17,0.058823529411764705,0.17062208192446077,1.0,1.0
wine_binary,37,nearest_positive,0,25,0.08,0.8564962974332693,1.0,1.0
wine_binary,37,random,0,25,0.08,0.4407700718979273,1.0,1.0
wine_binary,37,random,1,25,0.04,1.0868988241601032,1.0,1.0
wine_binary,37,random,2,25,0.0,,,
wine_binary,37,random,3,25,0.08,0.8564962974332693,1.0,1.0
wine_binary,37,random,4,25,0.08,0.6060587891506951,1.0,1.0
wine_binary,37,feature_importance,0,25,0.16,0.5234144305243111,1.0,1.0
wine_binary,41,nearest_positive,0,19,0.9473684210526315,0.7942933810155188,1.0,1.0
wine_binary,41,random,0,19,0.05263157894736842,1.4844952679020669,1.0,1.0
wine_binary,41,random,1,19,0.42105263157894735,0.569297151308124,1.0,1.0
wine_binary,41,random,2,19,0.3157894736842105,1.056922479671725,1.0,1.0
wine_binary,41,random,3,19,0.3684210526315789,0.7968099345616327,1.0,1.0
wine_binary,41,random,4,19,0.2631578947368421,0.6197412190445465,1.0,1.0
wine_binary,41,feature_importance,0,19,1.0,0.8093802233707988,1.0,1.0
wine_binary,53,nearest_positive,0,28,0.0,,,
wine_binary,53,random,0,28,0.0,,,
wine_binary,53,random,1,28,0.0,,,
wine_binary,53,random,2,28,0.0,,,
wine_binary,53,random,3,28,0.0,,,
wine_binary,53,random,4,28,0.0,,,
wine_binary,53,feature_importance,0,28,0.0,,,
wine_binary,61,nearest_positive,0,21,0.3333333333333333,0.8755115665369152,1.0,1.0
wine_binary,61,random,0,21,0.2857142857142857,0.8002609707080058,1.0,1.0
wine_binary,61,random,1,21,0.23809523809523808,0.6260269830479376,1.0,1.0
wine_binary,61,random,2,21,0.23809523809523808,0.6341308834596546,1.0,1.0
wine_binary,61,random,3,21,0.19047619047619047,1.1294822670806637,1.0,1.0
wine_binary,61,random,4,21,0.3333333333333333,0.6627840082184253,1.0,1.0
wine_binary,61,feature_importance,0,21,1.0,0.7602238321731998,1.0,1.0
wine_binary,73,nearest_positive,0,20,0.2,1.1368509409274894,1.0,1.0
wine_binary,73,random,0,20,0.4,0.538639071569959,1.0,1.0
wine_binary,73,random,1,20,0.3,0.9448935891301282,1.0,1.0
wine_binary,73,random,2,20,0.35,0.632608309733545,1.0,1.0
wine_binary,73,random,3,20,0.3,0.6983277505901796,1.0,1.0
wine_binary,73,random,4,20,0.35,0.7716119498335058,1.0,1.0
wine_binary,73,feature_importance,0,20,1.0,0.7486337726164418,1.0,1.0
wine_binary,89,nearest_positive,0,20,0.15,0.9004770769852716,1.0,1.0
wine_binary,89,random,0,20,0.35,0.7435442260290162,1.0,1.0
wine_binary,89,random,1,20,0.25,0.8096370293313979,1.0,1.0
wine_binary,89,random,2,20,0.15,0.33008687366603,1.0,1.0
wine_binary,89,random,3,20,0.25,0.7874552125752898,1.0,1.0
wine_binary,89,random,4,20,0.25,0.701896700965126,1.0,1.0
wine_binary,89,feature_importance,0,20,1.0,0.6599096717890561,1.0,1.0
credit_default,7,nearest_positive,0,200,0.24,1.1038115143370186,1.3125,1.0
credit_default,7,random,0,200,0.35,0.6814159901168448,1.0857142857142856,1.0
credit_default,7,random,1,200,0.375,0.5833441010281092,1.0933333333333333,1.0
credit_default,7,random,2,200,0.305,0.5006071133244699,1.0327868852459017,1.0
credit_default,7,random,3,200,0.28,0.65622620597242,1.0535714285714286,1.0
credit_default,7,random,4,200,0.295,0.608812409510993,1.0508474576271187,1.0
credit_default,7,feature_importance,0,200,1.0,0.6961623362367338,1.185,1.0
credit_default,13,nearest_positive,0,200,0.455,0.5172688806159486,1.021978021978022,1.0
credit_default,13,random,0,200,0.41,0.7375507192921427,1.0731707317073171,1.0
credit_default,13,random,1,200,0.435,0.5556754730735615,1.0459770114942528,1.0
credit_default,13,random,2,200,0.4,0.6932731948989679,1.125,1.0
credit_default,13,random,3,200,0.505,0.7268852730927452,1.0891089108910892,1.0
credit_default,13,random,4,200,0.36,0.6131850549689365,1.0555555555555556,1.0
credit_default,13,feature_importance,0,200,1.0,0.8560753514872121,1.245,1.0
credit_default,19,nearest_positive,0,200,0.49,0.5538405495875811,1.0,1.0
credit_default,19,random,0,200,0.405,0.45619996299388144,1.0493827160493827,1.0
credit_default,19,random,1,200,0.425,0.5918668669366443,1.0588235294117647,1.0
credit_default,19,random,2,200,0.37,0.5998603472013548,1.054054054054054,1.0
credit_default,19,random,3,200,0.42,0.6830160854565596,1.0476190476190477,1.0
credit_default,19,random,4,200,0.39,0.45556474933823865,1.0128205128205128,1.0
credit_default,19,feature_importance,0,200,0.985,0.7945077741518388,1.233502538071066,1.0
credit_default,29,nearest_positive,0,200,0.135,0.6905004426188467,1.0740740740740742,1.0
credit_default,29,random,0,200,0.345,0.9675456634335518,1.1159420289855073,1.0
credit_default,29,random,1,200,0.31,0.9809704116305027,1.064516129032258,1.0
credit_default,29,random,2,200,0.34,0.804789351265611,1.0735294117647058,1.0
credit_default,29,random,3,200,0.32,0.7316703494371654,1.046875,1.0
credit_default,29,random,4,200,0.315,0.9499952821760611,1.1111111111111112,1.0
credit_default,29,feature_importance,0,200,1.0,0.5612823760563743,1.125,1.0
credit_default,37,nearest_positive,0,200,0.175,0.2579438770466848,1.0285714285714285,1.0
credit_default,37,random,0,200,0.4,0.8545679946077052,1.05,1.0
credit_default,37,random,1,200,0.38,0.7845947417507876,1.0394736842105263,1.0
credit_default,37,random,2,200,0.435,1.0411529984838457,1.0344827586206897,1.0
credit_default,37,random,3,200,0.405,0.9713081908099667,1.0740740740740742,1.0
credit_default,37,random,4,200,0.455,0.8654696992188406,1.021978021978022,1.0
credit_default,37,feature_importance,0,200,1.0,0.6691966421984733,1.135,1.0
credit_default,41,nearest_positive,0,200,0.405,0.6157104179578344,1.0246913580246915,1.0
credit_default,41,random,0,200,0.37,0.8460275263008724,1.0945945945945945,1.0
credit_default,41,random,1,200,0.43,0.632461207083244,1.058139534883721,1.0
credit_default,41,random,2,200,0.385,0.8143040719178976,1.0649350649350648,1.0
credit_default,41,random,3,200,0.34,0.5417972588761836,1.1029411764705883,1.0
credit_default,41,random,4,200,0.415,0.5501015883678019,1.0843373493975903,1.0
credit_default,41,feature_importance,0,200,1.0,0.5159622477499823,1.175,1.0
credit_default,53,nearest_positive,0,200,0.195,0.7573072439310717,1.0256410256410255,1.0
credit_default,53,random,0,200,0.335,0.7976222889510538,1.1343283582089552,1.0
credit_default,53,random,1,200,0.38,0.6216849436775845,1.0789473684210527,1.0
credit_default,53,random,2,200,0.35,0.6065783242076842,1.0857142857142856,1.0
credit_default,53,random,3,200,0.325,0.6794557092547722,1.0461538461538462,1.0
credit_default,53,random,4,200,0.325,0.6382772118965079,1.123076923076923,1.0
credit_default,53,feature_importance,0,200,1.0,0.4917532108984557,1.025,1.0
credit_default,61,nearest_positive,0,200,0.32,0.7019807058290901,1.078125,1.0
credit_default,61,random,0,200,0.365,0.5853492289382625,1.095890410958904,1.0
credit_default,61,random,1,200,0.375,0.5492049423889505,1.0533333333333332,1.0
credit_default,61,random,2,200,0.35,0.5915188462478496,1.0285714285714285,1.0
credit_default,61,random,3,200,0.375,0.6577638348982653,1.0533333333333332,1.0
credit_default,61,random,4,200,0.37,0.6567744049359693,1.1216216216216217,1.0
credit_default,61,feature_importance,0,200,1.0,0.6478839052500703,1.08,1.0
credit_default,73,nearest_positive,0,200,0.33,0.5866604996233824,1.0303030303030303,1.0
credit_default,73,random,0,200,0.445,0.7596041600447154,1.0449438202247192,1.0
credit_default,73,random,1,200,0.46,0.9352049103764756,1.065217391304348,1.0
credit_default,73,random,2,200,0.41,0.7479415398304982,1.0609756097560976,1.0
credit_default,73,random,3,200,0.435,0.7208947840517081,1.0229885057471264,1.0
credit_default,73,random,4,200,0.475,0.661156707758115,1.0842105263157895,1.0
credit_default,73,feature_importance,0,200,1.0,0.5835423482108066,1.295,1.0
credit_default,89,nearest_positive,0,200,0.375,1.0041026172024115,1.0133333333333334,1.0
credit_default,89,random,0,200,0.365,0.9731651310720069,1.0547945205479452,1.0
credit_default,89,random,1,200,0.355,0.9707901179381483,1.1126760563380282,1.0
credit_default,89,random,2,200,0.39,0.9149396578310185,1.0512820512820513,1.0
credit_default,89,random,3,200,0.345,0.868329944863207,1.0724637681159421,1.0
credit_default,89,random,4,200,0.35,0.9436148274472028,1.0571428571428572,1.0
credit_default,89,feature_importance,0,200,1.0,0.6273861753527654,1.19,1.0
adult_income,7,nearest_positive,0,200,1.0,0.8151046925333193,1.04,1.0
adult_income,7,random,0,200,1.0,1.1346404713791036,1.085,1.0
adult_income,7,random,1,200,1.0,1.2841806381041245,1.14,1.0
adult_income,7,random,2,200,1.0,1.2041545607325015,1.06,1.0
adult_income,7,random,3,200,1.0,1.2610467583140883,1.12,1.0
adult_income,7,random,4,200,1.0,1.2932454466230456,1.105,1.0
adult_income,7,feature_importance,0,200,1.0,0.785243492983788,1.005,1.0
adult_income,13,nearest_positive,0,200,1.0,0.6643313544004116,1.0,1.0
adult_income,13,random,0,200,1.0,1.0647963208111868,1.07,1.0
adult_income,13,random,1,200,1.0,1.2039761244981744,1.075,1.0
adult_income,13,random,2,200,1.0,1.1025817071117847,1.07,1.0
adult_income,13,random,3,200,1.0,1.0640614777037443,1.085,1.0
adult_income,13,random,4,200,1.0,1.144916541543232,1.09,1.0
adult_income,13,feature_importance,0,200,1.0,0.6608526269798111,1.0,1.0
adult_income,19,nearest_positive,0,200,1.0,0.5735944663626151,1.035,1.0
adult_income,19,random,0,200,1.0,0.9354130122625226,1.1,1.0
adult_income,19,random,1,200,1.0,0.9576427332325055,1.13,1.0
adult_income,19,random,2,200,1.0,0.9996685779494743,1.11,1.0
adult_income,19,random,3,200,1.0,1.119185857512054,1.15,1.0
adult_income,19,random,4,200,1.0,0.9825385202239627,1.135,1.0
adult_income,19,feature_importance,0,200,1.0,0.596933224555389,1.005,1.0
adult_income,29,nearest_positive,0,200,0.96,0.6348830485855491,1.0260416666666667,1.0
adult_income,29,random,0,200,0.9,0.7991981676136543,1.1333333333333333,1.0
adult_income,29,random,1,200,0.935,0.7789567183184545,1.1016042780748663,1.0
adult_income,29,random,2,200,0.91,0.8485365371370978,1.1813186813186813,1.0
adult_income,29,random,3,200,0.92,0.7373257976408989,1.0923913043478262,1.0
adult_income,29,random,4,200,0.905,0.8464678479671404,1.149171270718232,1.0
adult_income,29,feature_importance,0,200,1.0,0.6747762403952144,1.0,1.0
adult_income,37,nearest_positive,0,200,0.98,0.614600384437587,1.0408163265306123,1.0
adult_income,37,random,0,200,0.9,0.8100414273169197,1.1055555555555556,1.0
adult_income,37,random,1,200,0.94,0.7770882927683332,1.0957446808510638,1.0
adult_income,37,random,2,200,0.93,0.8180062936385533,1.1344086021505377,1.0
adult_income,37,random,3,200,0.95,0.856287778797683,1.131578947368421,1.0
adult_income,37,random,4,200,0.915,0.8154602006262813,1.1202185792349726,1.0
adult_income,37,feature_importance,0,200,1.0,0.6388931254609558,1.0,1.0
adult_income,41,nearest_positive,0,200,1.0,0.6149476845288349,1.02,1.0
adult_income,41,random,0,200,1.0,1.2262161050725848,1.1,1.0
adult_income,41,random,1,200,1.0,1.327928347465371,1.15,1.0
adult_income,41,random,2,200,1.0,1.375755082667599,1.14,1.0
adult_income,41,random,3,200,1.0,1.4291356140320437,1.155,1.0
adult_income,41,random,4,200,1.0,1.1806111846949987,1.095,1.0
adult_income,41,feature_importance,0,200,1.0,0.5807888562757896,1.005,1.0
adult_income,53,nearest_positive,0,200,0.975,0.6000443067317143,1.035897435897436,1.0
adult_income,53,random,0,200,0.93,0.6574285532376382,1.064516129032258,1.0
adult_income,53,random,1,200,0.92,0.753051726839346,1.125,1.0
adult_income,53,random,2,200,0.935,0.6674162940104553,1.0748663101604279,1.0
adult_income,53,random,3,200,0.935,0.8389594816296458,1.1176470588235294,1.0
adult_income,53,random,4,200,0.925,0.6914822178134302,1.0864864864864865,1.0
adult_income,53,feature_importance,0,200,1.0,0.5905944025871761,1.0,1.0
adult_income,61,nearest_positive,0,200,0.98,0.7647789385218204,1.0357142857142858,1.0
adult_income,61,random,0,200,0.925,0.9674854888488978,1.1189189189189188,1.0
adult_income,61,random,1,200,0.935,0.8415606340883139,1.0641711229946524,1.0
adult_income,61,random,2,200,0.925,0.9374816211569319,1.0864864864864865,1.0
adult_income,61,random,3,200,0.865,0.9033969988574874,1.0635838150289016,1.0
adult_income,61,random,4,200,0.9,0.9480305006903494,1.1055555555555556,1.0
adult_income,61,feature_importance,0,200,1.0,0.7787384575830555,1.0,1.0
adult_income,73,nearest_positive,0,200,1.0,0.7594376329642131,1.02,1.0
adult_income,73,random,0,200,1.0,1.1202814219914072,1.095,1.0
adult_income,73,random,1,200,1.0,1.0411115816002527,1.085,1.0
adult_income,73,random,2,200,1.0,1.087171698352812,1.105,1.0
adult_income,73,random,3,200,1.0,1.1768900826265782,1.14,1.0
adult_income,73,random,4,200,1.0,1.2492541193090945,1.135,1.0
adult_income,73,feature_importance,0,200,1.0,0.6336502956607452,1.0,1.0
adult_income,89,nearest_positive,0,200,1.0,0.6059608473544097,1.035,1.0
adult_income,89,random,0,200,1.0,0.9441100951807928,1.045,1.0
adult_income,89,random,1,200,1.0,0.9107409527692113,1.11,1.0
adult_income,89,random,2,200,1.0,1.1102212933605202,1.12,1.0
adult_income,89,random,3,200,1.0,0.9012013863722222,1.105,1.0
adult_income,89,random,4,200,1.0,1.2107743894793381,1.125,1.0
adult_income,89,feature_importance,0,200,1.0,0.5826461639375587,1.0,1.0
german_credit,7,nearest_positive,0,58,1.0,0.3980008993345893,1.0689655172413792,1.0
german_credit,7,random,0,58,1.0,0.7391535711855872,1.0689655172413792,1.0
german_credit,7,random,1,58,1.0,0.698209277154066,1.0862068965517242,1.0
german_credit,7,random,2,58,1.0,0.6842134118397138,1.103448275862069,1.0
german_credit,7,random,3,58,1.0,0.5169323660105672,1.0862068965517242,1.0
german_credit,7,random,4,58,1.0,0.6197239066589703,1.1206896551724137,1.0
german_credit,7,feature_importance,0,58,1.0,0.3869477072534952,1.0689655172413792,1.0
german_credit,13,nearest_positive,0,65,1.0,0.29178577406477124,1.0307692307692307,1.0
german_credit,13,random,0,65,0.9230769230769231,0.561041994220134,1.0166666666666666,1.0
german_credit,13,random,1,65,0.9230769230769231,0.661562537500823,1.0166666666666666,1.0
german_credit,13,random,2,65,0.9230769230769231,0.4676833463880852,1.0166666666666666,1.0
german_credit,13,random,3,65,0.9384615384615385,0.6820103070255735,1.0,1.0
german_credit,13,random,4,65,0.9538461538461539,0.4996717674607997,1.032258064516129,1.0
german_credit,13,feature_importance,0,65,1.0,0.28901985477374387,1.0307692307692307,1.0
german_credit,19,nearest_positive,0,59,0.9661016949152542,0.29789242346979794,1.0,1.0
german_credit,19,random,0,59,0.9491525423728814,0.44053073206289145,1.0535714285714286,1.0
german_credit,19,random,1,59,0.9491525423728814,0.4318635885525261,1.0535714285714286,1.0
german_credit,19,random,2,59,0.9661016949152542,0.4254027941498398,1.0175438596491229,1.0
german_credit,19,random,3,59,0.9830508474576272,0.4211506975171402,1.0517241379310345,1.0
german_credit,19,random,4,59,0.9661016949152542,0.606624942447017,1.0526315789473684,1.0
german_credit,19,feature_importance,0,59,1.0,0.31643959037625957,1.0169491525423728,1.0
german_credit,29,nearest_positive,0,42,1.0,0.6107978328165563,1.1666666666666667,1.0
german_credit,29,random,0,42,0.9285714285714286,0.7152805052122504,1.1538461538461537,1.0
german_credit,29,random,1,42,0.9047619047619048,0.5322430731372872,1.1578947368421053,1.0
german_credit,29,random,2,42,0.8809523809523809,0.6596297803935336,1.135135135135135,1.0
german_credit,29,random,3,42,0.8095238095238095,0.7284014839150603,1.1764705882352942,1.0
german_credit,29,random,4,42,0.8333333333333334,0.6397441568129079,1.1714285714285715,1.0
german_credit,29,feature_importance,0,42,1.0,0.6107978328165563,1.1666666666666667,1.0
german_credit,37,nearest_positive,0,62,0.967741935483871,0.6863161754155648,1.0666666666666667,1.0
german_credit,37,random,0,62,0.8225806451612904,0.5417537513903468,1.0392156862745099,1.0
german_credit,37,random,1,62,0.8870967741935484,0.5908345712625046,1.018181818181818,1.0
german_credit,37,random,2,62,0.9032258064516129,0.7322123928790429,1.0178571428571428,1.0
german_credit,37,random,3,62,0.8064516129032258,0.6709305903238527,1.04,1.0
german_credit,37,random,4,62,0.8064516129032258,0.5347170648946037,1.0,1.0
german_credit,37,feature_importance,0,62,1.0,0.6787590111548285,1.064516129032258,1.0
german_credit,41,nearest_positive,0,45,1.0,0.43055115542486716,1.0,1.0
german_credit,41,random,0,45,1.0,0.45025989404709865,1.0222222222222221,1.0
german_credit,41,random,1,45,0.9777777777777777,0.45001465071761654,1.0,1.0
german_credit,41,random,2,45,1.0,0.47993060795986564,1.0222222222222221,1.0
german_credit,41,random,3,45,1.0,0.4856120580746921,1.0,1.0
german_credit,41,random,4,45,1.0,0.4537120213394555,1.0222222222222221,1.0
german_credit,41,feature_importance,0,45,1.0,0.3898807928711901,1.0222222222222221,1.0
german_credit,53,nearest_positive,0,48,0.9791666666666666,0.9601335991681489,1.127659574468085,1.0
german_credit,53,random,0,48,0.9375,0.7852945659429256,1.0666666666666667,1.0
german_credit,53,random,1,48,0.875,0.8553797101623818,1.0714285714285714,1.0
german_credit,53,random,2,48,0.9791666666666666,0.906046373501355,1.0851063829787233,1.0
german_credit,53,random,3,48,0.875,0.8659740899595592,1.0952380952380953,1.0
german_credit,53,random,4,48,0.875,0.9060924388367854,1.0714285714285714,1.0
german_credit,53,feature_importance,0,48,1.0,0.9200032078968814,1.125,1.0
german_credit,61,nearest_positive,0,35,1.0,0.5308765375011528,1.0285714285714285,1.0
german_credit,61,random,0,35,0.9428571428571428,0.7838326401487918,1.0,1.0
german_credit,61,random,1,35,1.0,0.7392089010039788,1.0,1.0
german_credit,61,random,2,35,0.9714285714285714,0.6126564439554693,1.0,1.0
german_credit,61,random,3,35,0.9714285714285714,0.5721937431802734,1.0,1.0
german_credit,61,random,4,35,1.0,0.7144544882192584,1.0285714285714285,1.0
german_credit,61,feature_importance,0,35,1.0,0.5308765375011528,1.0285714285714285,1.0
german_credit,73,nearest_positive,0,44,1.0,0.9646154566530687,1.2045454545454546,1.0
german_credit,73,random,0,44,0.7727272727272727,0.8153358937846249,1.1176470588235294,1.0
german_credit,73,random,1,44,0.7045454545454546,0.9564972826839143,1.1290322580645162,1.0
german_credit,73,random,2,44,0.6818181818181818,0.9219526680228082,1.1333333333333333,1.0
german_credit,73,random,3,44,0.6590909090909091,0.8919000271835382,1.1724137931034482,1.0
german_credit,73,random,4,44,0.7727272727272727,1.1516717170273119,1.1470588235294117,1.0
german_credit,73,feature_importance,0,44,1.0,0.9646154566530687,1.2045454545454546,1.0
german_credit,89,nearest_positive,0,71,0.9859154929577465,0.38268540362075215,1.0571428571428572,1.0
german_credit,89,random,0,71,0.9154929577464789,0.39682178611478996,1.0307692307692307,1.0
german_credit,89,random,1,71,0.9154929577464789,0.481136729762415,1.0461538461538462,1.0
german_credit,89,random,2,71,0.9154929577464789,0.5047317828875272,1.0153846153846153,1.0
german_credit,89,random,3,71,0.9295774647887324,0.5192527493319254,1.0454545454545454,1.0
german_credit,89,random,4,71,0.9436619718309859,0.5915849435342397,1.0298507462686568,1.0
german_credit,89,feature_importance,0,71,1.0,0.3774196862449467,1.056338028169014,1.0
bank_marketing,7,nearest_positive,0,200,1.0,0.7140482900712399,1.2,1.0
bank_marketing,7,random,0,200,0.865,0.6654710708193159,1.3410404624277457,1.0
bank_marketing,7,random,1,200,0.83,0.6235531439815687,1.2951807228915662,1.0
bank_marketing,7,random,2,200,0.9,0.7210725506115797,1.2944444444444445,1.0
bank_marketing,7,random,3,200,0.84,0.6570019528425691,1.2797619047619047,1.0
bank_marketing,7,random,4,200,0.835,0.6743116583160048,1.2694610778443114,1.0
bank_marketing,7,feature_importance,0,200,1.0,0.6191701380875139,1.51,1.0
bank_marketing,13,nearest_positive,0,200,1.0,1.8636618692366855,1.225,1.0
bank_marketing,13,random,0,200,0.85,1.08893285930644,1.4294117647058824,1.0
bank_marketing,13,random,1,200,0.78,1.1538579179555457,1.3846153846153846,1.0
bank_marketing,13,random,2,200,0.82,1.0527744343196164,1.396341463414634,1.0
bank_marketing,13,random,3,200,0.815,1.0311543724343903,1.4478527607361964,1.0
bank_marketing,13,random,4,200,0.85,1.1033971824550266,1.4411764705882353,1.0
bank_marketing,13,feature_importance,0,200,1.0,0.570067504161274,1.62,1.0
bank_marketing,19,nearest_positive,0,200,1.0,1.790504126390109,1.12,1.0
bank_marketing,19,random,0,200,1.0,1.4904562736266695,1.185,1.0
bank_marketing,19,random,1,200,1.0,1.6088256501486768,1.205,1.0
bank_marketing,19,random,2,200,1.0,1.6603095432386532,1.195,1.0
bank_marketing,19,random,3,200,1.0,1.5584322846342196,1.195,1.0
bank_marketing,19,random,4,200,1.0,1.5383441578636168,1.195,1.0
bank_marketing,19,feature_importance,0,200,1.0,0.9970616349114968,1.375,1.0
bank_marketing,29,nearest_positive,0,200,1.0,0.5775989162017261,1.545,1.0
bank_marketing,29,random,0,200,0.8,0.7703279720668442,1.325,1.0
bank_marketing,29,random,1,200,0.865,0.8199138119891841,1.369942196531792,1.0
bank_marketing,29,random,2,200,0.83,0.8193716914170972,1.3433734939759037,1.0
bank_marketing,29,random,3,200,0.885,0.7456157835995569,1.3898305084745763,1.0
bank_marketing,29,random,4,200,0.82,0.7461609603332373,1.3597560975609757,1.0
bank_marketing,29,feature_importance,0,200,1.0,0.5405738690567652,1.53,1.0
bank_marketing,37,nearest_positive,0,200,1.0,1.6236543067189666,1.19,1.0
bank_marketing,37,random,0,200,0.835,1.9236298762549922,1.1077844311377245,1.0
bank_marketing,37,random,1,200,0.905,1.946765362331831,1.1104972375690607,1.0
bank_marketing,37,random,2,200,0.875,1.9776266691107964,1.1028571428571428,1.0
bank_marketing,37,random,3,200,0.895,1.9254446414689452,1.100558659217877,1.0
bank_marketing,37,random,4,200,0.885,1.918683617302555,1.112994350282486,1.0
bank_marketing,37,feature_importance,0,200,1.0,1.6236543067189666,1.19,1.0
bank_marketing,41,nearest_positive,0,200,1.0,1.1989760300427534,1.065,1.0
bank_marketing,41,random,0,200,0.85,1.5182582900558543,1.0470588235294118,1.0
bank_marketing,41,random,1,200,0.8,1.3982571464104834,1.05,1.0
bank_marketing,41,random,2,200,0.8,1.4530626296533284,1.03125,1.0
bank_marketing,41,random,3,200,0.79,1.5343636458817869,1.0379746835443038,1.0
bank_marketing,41,random,4,200,0.845,1.3092180629636612,1.0414201183431953,1.0
bank_marketing,41,feature_importance,0,200,1.0,1.1989760300427534,1.065,1.0
bank_marketing,53,nearest_positive,0,200,1.0,1.6696015281728769,1.565,1.0
bank_marketing,53,random,0,200,0.9,1.1846989298876722,1.461111111111111,1.0
bank_marketing,53,random,1,200,0.895,1.1340105931920423,1.4078212290502794,1.0
bank_marketing,53,random,2,200,0.945,1.1696576441224757,1.4656084656084656,1.0
bank_marketing,53,random,3,200,0.905,1.216246616799214,1.4751381215469612,1.0
bank_marketing,53,random,4,200,0.94,1.3060075728395186,1.4893617021276595,1.0
bank_marketing,53,feature_importance,0,200,1.0,0.6239296950462773,1.41,1.0
bank_marketing,61,nearest_positive,0,200,1.0,0.7230517131050567,1.5,1.0
bank_marketing,61,random,0,200,0.865,1.0065891022421616,1.393063583815029,1.0
bank_marketing,61,random,1,200,0.905,0.9678764270628771,1.4530386740331491,1.0
bank_marketing,61,random,2,200,0.895,0.9991639445816405,1.452513966480447,1.0
bank_marketing,61,random,3,200,0.845,1.0139031322041057,1.4082840236686391,1.0
bank_marketing,61,random,4,200,0.86,0.9825478505301741,1.436046511627907,1.0
bank_marketing,61,feature_importance,0,200,1.0,0.5656985263916459,1.49,1.0
bank_marketing,73,nearest_positive,0,200,1.0,1.0153786238215483,1.68,1.0
bank_marketing,73,random,0,200,0.925,0.7180939725463458,1.5243243243243243,1.0
bank_marketing,73,random,1,200,0.895,0.7186716855478275,1.547486033519553,1.0
bank_marketing,73,random,2,200,0.895,0.8135082183705598,1.5810055865921788,1.0
bank_marketing,73,random,3,200,0.85,0.6519392492512961,1.4764705882352942,1.0
bank_marketing,73,random,4,200,0.865,0.7225885084117457,1.5028901734104045,1.0
bank_marketing,73,feature_importance,0,200,1.0,0.4042968213533,1.51,1.0
bank_marketing,89,nearest_positive,0,200,1.0,1.0091395732613,1.29,1.0
bank_marketing,89,random,0,200,0.93,0.8847949383817796,1.2741935483870968,1.0
bank_marketing,89,random,1,200,0.91,0.8611430824136715,1.2417582417582418,1.0
bank_marketing,89,random,2,200,0.895,0.7964937086358449,1.2625698324022345,1.0
bank_marketing,89,random,3,200,0.905,0.9219838902690078,1.2099447513812154,1.0
bank_marketing,89,random,4,200,0.9,0.8261712988754555,1.2555555555555555,1.0
bank_marketing,89,feature_importance,0,200,1.0,0.49210501617069297,1.445,1.0
compas,7,nearest_positive,0,200,1.0,1.3024129069210033,1.0,1.0
compas,7,random,0,200,1.0,1.3024129069210033,1.0,1.0
compas,7,random,1,200,1.0,1.3024129069210033,1.0,1.0
compas,7,random,2,200,1.0,1.3024129069210033,1.0,1.0
compas,7,random,3,200,1.0,1.3024129069210033,1.0,1.0
compas,7,random,4,200,1.0,1.3024129069210033,1.0,1.0
compas,7,feature_importance,0,200,1.0,1.3024129069210033,1.0,1.0
compas,13,nearest_positive,0,200,1.0,0.7015477985133006,1.015,1.0
compas,13,random,0,200,1.0,0.7015477985133006,1.015,1.0
compas,13,random,1,200,1.0,0.7015477985133006,1.015,1.0
compas,13,random,2,200,1.0,0.7015477985133006,1.015,1.0
compas,13,random,3,200,1.0,0.7015477985133006,1.015,1.0
compas,13,random,4,200,1.0,0.7015477985133006,1.015,1.0
compas,13,feature_importance,0,200,1.0,0.7015477985133006,1.015,1.0
compas,19,nearest_positive,0,200,1.0,1.2179443538723052,1.01,1.0
compas,19,random,0,200,1.0,1.2179443538723052,1.01,1.0
compas,19,random,1,200,1.0,1.2179443538723052,1.01,1.0
compas,19,random,2,200,1.0,1.2179443538723052,1.01,1.0
compas,19,random,3,200,1.0,1.2179443538723052,1.01,1.0
compas,19,random,4,200,1.0,1.2179443538723052,1.01,1.0
compas,19,feature_importance,0,200,1.0,1.2179443538723052,1.01,1.0
compas,29,nearest_positive,0,200,1.0,1.2496220936712839,1.0,1.0
compas,29,random,0,200,1.0,1.2496220936712839,1.0,1.0
compas,29,random,1,200,1.0,1.2496220936712839,1.0,1.0
compas,29,random,2,200,1.0,1.2496220936712839,1.0,1.0
compas,29,random,3,200,1.0,1.2496220936712839,1.0,1.0
compas,29,random,4,200,1.0,1.2496220936712839,1.0,1.0
compas,29,feature_importance,0,200,1.0,1.2496220936712839,1.0,1.0
compas,37,nearest_positive,0,200,1.0,0.9996015834076606,1.415,1.0
compas,37,random,0,200,1.0,0.9996015834076606,1.415,1.0
compas,37,random,1,200,1.0,0.9996015834076606,1.415,1.0
compas,37,random,2,200,1.0,0.9996015834076606,1.415,1.0
compas,37,random,3,200,1.0,0.9996015834076606,1.415,1.0
compas,37,random,4,200,1.0,0.9996015834076606,1.415,1.0
compas,37,feature_importance,0,200,1.0,0.9996015834076606,1.415,1.0
compas,41,nearest_positive,0,200,1.0,1.3309802158695623,1.01,1.0
compas,41,random,0,200,1.0,1.3309802158695623,1.01,1.0
compas,41,random,1,200,1.0,1.3309802158695623,1.01,1.0
compas,41,random,2,200,1.0,1.3309802158695623,1.01,1.0
compas,41,random,3,200,1.0,1.3309802158695623,1.01,1.0
compas,41,random,4,200,1.0,1.3309802158695623,1.01,1.0
compas,41,feature_importance,0,200,1.0,1.3309802158695623,1.01,1.0
compas,53,nearest_positive,0,200,1.0,0.7579535068230763,1.005,1.0
compas,53,random,0,200,1.0,0.7579535068230763,1.005,1.0
compas,53,random,1,200,1.0,0.7579535068230763,1.005,1.0
compas,53,random,2,200,1.0,0.7579535068230763,1.005,1.0
compas,53,random,3,200,1.0,0.7579535068230763,1.005,1.0
compas,53,random,4,200,1.0,0.7579535068230763,1.005,1.0
compas,53,feature_importance,0,200,1.0,0.7579535068230763,1.005,1.0
compas,61,nearest_positive,0,200,1.0,0.7172910590815752,1.58,1.0
compas,61,random,0,200,1.0,0.7172910590815752,1.58,1.0
compas,61,random,1,200,1.0,0.7172910590815752,1.58,1.0
compas,61,random,2,200,1.0,0.7172910590815752,1.58,1.0
compas,61,random,3,200,1.0,0.7172910590815752,1.58,1.0
compas,61,random,4,200,1.0,0.7172910590815752,1.58,1.0
compas,61,feature_importance,0,200,1.0,0.7172910590815752,1.58,1.0
compas,73,nearest_positive,0,200,1.0,0.7071060257931099,1.0,1.0
compas,73,random,0,200,1.0,0.7071060257931099,1.0,1.0
compas,73,random,1,200,1.0,0.7071060257931099,1.0,1.0
compas,73,random,2,200,1.0,0.7071060257931099,1.0,1.0
compas,73,random,3,200,1.0,0.7071060257931099,1.0,1.0
compas,73,random,4,200,1.0,0.7071060257931099,1.0,1.0
compas,73,feature_importance,0,200,1.0,0.7071060257931099,1.0,1.0
compas,89,nearest_positive,0,200,1.0,1.2242392076701187,1.015,1.0
compas,89,random,0,200,1.0,1.2242392076701187,1.015,1.0
compas,89,random,1,200,1.0,1.2242392076701187,1.015,1.0
compas,89,random,2,200,1.0,1.2242392076701187,1.015,1.0
compas,89,random,3,200,1.0,1.2242392076701187,1.015,1.0
compas,89,random,4,200,1.0,1.2242392076701187,1.015,1.0
compas,89,feature_importance,0,200,1.0,1.2242392076701187,1.015,1.0
synthetic_overlap,7,nearest_positive,0,179,0.664804469273743,1.340556690784702,1.134453781512605,1.0
synthetic_overlap,7,random,0,179,0.5027932960893855,1.2502558209478776,1.1444444444444444,1.0
synthetic_overlap,7,random,1,179,0.48044692737430167,1.1989942513028933,1.0930232558139534,1.0
synthetic_overlap,7,random,2,179,0.4581005586592179,1.2243056229062135,1.1341463414634145,1.0
synthetic_overlap,7,random,3,179,0.5698324022346368,1.126256228668613,1.107843137254902,1.0
synthetic_overlap,7,random,4,179,0.4581005586592179,1.357255349672931,1.1097560975609757,1.0
synthetic_overlap,7,feature_importance,0,179,0.7597765363128491,0.9410378680899063,1.2720588235294117,1.0
synthetic_overlap,13,nearest_positive,0,200,0.54,1.2243370014367276,1.0740740740740742,1.0
synthetic_overlap,13,random,0,200,0.44,1.1129866915834983,1.125,1.0
synthetic_overlap,13,random,1,200,0.4,1.1719179827973882,1.15,1.0
synthetic_overlap,13,random,2,200,0.45,1.036716992814731,1.0777777777777777,1.0
synthetic_overlap,13,random,3,200,0.445,1.1419015396202383,1.0786516853932584,1.0
synthetic_overlap,13,random,4,200,0.355,0.9707975371160011,1.0845070422535212,1.0
synthetic_overlap,13,feature_importance,0,200,0.925,1.131260503398023,1.2432432432432432,1.0
synthetic_overlap,19,nearest_positive,0,157,0.6942675159235668,1.1758347035717103,1.2293577981651376,1.0
synthetic_overlap,19,random,0,157,0.445859872611465,0.869707597170059,1.1714285714285715,1.0
synthetic_overlap,19,random,1,157,0.4394904458598726,0.9986252106298045,1.2173913043478262,1.0
synthetic_overlap,19,random,2,157,0.42038216560509556,0.7713637126765208,1.121212121212121,1.0
synthetic_overlap,19,random,3,157,0.4585987261146497,0.8241787938022573,1.0833333333333333,1.0
synthetic_overlap,19,random,4,157,0.47770700636942676,0.8818632833699876,1.2266666666666666,1.0
synthetic_overlap,19,feature_importance,0,157,1.0,0.793313868712955,1.356687898089172,1.0
synthetic_overlap,29,nearest_positive,0,200,0.595,1.2090081210828707,1.0588235294117647,1.0
synthetic_overlap,29,random,0,200,0.43,1.0511102039298694,1.0813953488372092,1.0
synthetic_overlap,29,random,1,200,0.365,0.901280821023867,1.1643835616438356,1.0
synthetic_overlap,29,random,2,200,0.41,0.9985972356508861,1.0365853658536586,1.0
synthetic_overlap,29,random,3,200,0.45,1.0394695416582218,1.1,1.0
synthetic_overlap,29,random,4,200,0.425,0.9119370060116759,1.0823529411764705,1.0
synthetic_overlap,29,feature_importance,0,200,0.825,1.061439662823237,1.284848484848485,1.0
synthetic_overlap,37,nearest_positive,0,169,0.46153846153846156,1.4599257630495306,1.1153846153846154,1.0
synthetic_overlap,37,random,0,169,0.378698224852071,1.3665830694141412,1.125,1.0
synthetic_overlap,37,random,1,169,0.2781065088757396,1.3301523168288818,1.0851063829787233,1.0
synthetic_overlap,37,random,2,169,0.40236686390532544,1.3328629606740743,1.0294117647058822,1.0
synthetic_overlap,37,random,3,169,0.3076923076923077,1.438176659763517,1.0769230769230769,1.0
synthetic_overlap,37,random,4,169,0.3668639053254438,1.2743084693152837,1.0806451612903225,1.0
synthetic_overlap,37,feature_importance,0,169,0.9171597633136095,1.6022424415455108,1.0838709677419356,1.0
synthetic_overlap,41,nearest_positive,0,146,0.726027397260274,0.9229934190333821,1.0566037735849056,1.0
synthetic_overlap,41,random,0,146,0.4383561643835616,1.1225727906051144,1.046875,1.0
synthetic_overlap,41,random,1,146,0.4863013698630137,0.8928589735734663,1.0140845070422535,1.0
synthetic_overlap,41,random,2,146,0.4794520547945205,0.8329811642350324,1.0142857142857142,1.0
synthetic_overlap,41,random,3,146,0.4931506849315068,1.1001323039455453,1.0416666666666667,1.0
synthetic_overlap,41,random,4,146,0.4315068493150685,0.9717694285771219,1.0317460317460319,1.0
synthetic_overlap,41,feature_importance,0,146,1.0,0.6721491816455119,1.0890410958904109,1.0
synthetic_overlap,53,nearest_positive,0,146,0.6917808219178082,1.0541576308377327,1.0,1.0
synthetic_overlap,53,random,0,146,0.5616438356164384,1.182048450586973,1.0121951219512195,1.0
synthetic_overlap,53,random,1,146,0.5684931506849316,1.1199698180970408,1.0,1.0
synthetic_overlap,53,random,2,146,0.5616438356164384,1.1850132303491325,1.0,1.0
synthetic_overlap,53,random,3,146,0.6095890410958904,1.152322125809674,1.0224719101123596,1.0
synthetic_overlap,53,random,4,146,0.5205479452054794,1.1118907132504732,1.0526315789473684,1.0
synthetic_overlap,53,feature_importance,0,146,0.9383561643835616,0.9528296948260396,1.0,1.0
synthetic_overlap,61,nearest_positive,0,177,0.5932203389830508,1.0168226882273428,1.0952380952380953,1.0
synthetic_overlap,61,random,0,177,0.4124293785310734,1.05378556381931,1.1095890410958904,1.0
synthetic_overlap,61,random,1,177,0.3728813559322034,1.1850704252836013,1.106060606060606,1.0
synthetic_overlap,61,random,2,177,0.4180790960451977,0.8843338704770464,1.1216216216216217,1.0
synthetic_overlap,61,random,3,177,0.4350282485875706,1.0644966140358632,1.2077922077922079,1.0
synthetic_overlap,61,random,4,177,0.3898305084745763,1.0080334304172751,1.0869565217391304,1.0
synthetic_overlap,61,feature_importance,0,177,0.8926553672316384,0.8341224373934365,1.1645569620253164,1.0
synthetic_overlap,73,nearest_positive,0,200,0.77,0.9923693415948928,1.0454545454545454,1.0
synthetic_overlap,73,random,0,200,0.545,0.9978127708204902,1.0825688073394495,1.0
synthetic_overlap,73,random,1,200,0.625,0.9238469454590128,1.056,1.0
synthetic_overlap,73,random,2,200,0.55,0.9890929406046044,1.0909090909090908,1.0
synthetic_overlap,73,random,3,200,0.575,0.9328220974829657,1.0608695652173914,1.0
synthetic_overlap,73,random,4,200,0.605,1.0329514621479066,1.0743801652892562,1.0
synthetic_overlap,73,feature_importance,0,200,1.0,0.6214179702298505,1.08,1.0
synthetic_overlap,89,nearest_positive,0,179,0.7094972067039106,1.0351656674284033,1.1023622047244095,1.0
synthetic_overlap,89,random,0,179,0.547486033519553,0.920813090384955,1.0918367346938775,1.0
synthetic_overlap,89,random,1,179,0.5810055865921788,1.1501421323766374,1.1057692307692308,1.0
synthetic_overlap,89,random,2,179,0.5139664804469274,0.9533769064927684,1.076086956521739,1.0
synthetic_overlap,89,random,3,179,0.553072625698324,1.0644239566698577,1.101010101010101,1.0
synthetic_overlap,89,random,4,179,0.5754189944134078,0.8782764226467987,1.087378640776699,1.0
synthetic_overlap,89,feature_importance,0,179,0.994413407821229,0.8622323192157704,1.1741573033707866,1.0
