dataset,shift_strength,constraint,method,n_seeds,coverage_mean,coverage_ci_low,coverage_ci_high,mean_cost_valid_mean,mean_cost_valid_ci_low,mean_cost_valid_ci_high,mean_changed_valid_mean,mean_changed_valid_ci_low,mean_changed_valid_ci_high,sparse_share_leq3_mean,sparse_share_leq3_ci_low,sparse_share_leq3_ci_high,runtime_ms_per_query_mean,runtime_ms_per_query_ci_low,runtime_ms_per_query_ci_high
adult_income,0.0,free_l2,clbr,10,1.0,1.0,1.0,1.058663851112714,0.8331753835469726,1.2710596371181488,1.2165,1.1035,1.3245,1.0,1.0,1.0,0.050761500000589876,0.047965836247817605,0.0541020724932082
adult_income,0.0,free_l2,clbr_uncached,10,1.0,1.0,1.0,1.058663851112714,0.8331753835469726,1.2710596371181488,1.2165,1.1035,1.3245,1.0,1.0,1.0,0.05424620000212599,0.05156781126163423,0.057034418743160134
adult_income,0.0,free_l2,exact_leaf,10,1.0,1.0,1.0,0.6304008407371005,0.6020142862470207,0.6593013239620863,1.0145,1.004,1.027,1.0,1.0,1.0,0.17479850001427621,0.15538118625361222,0.19414334875649503
adult_income,0.0,free_l2,exact_leaf_cached,10,1.0,1.0,1.0,0.6304008407371005,0.6020142862470207,0.6593013239620863,1.0145,1.004,1.027,1.0,1.0,1.0,0.1043151499952728,0.09940875248153133,0.10908639750430212
adult_income,0.0,free_l2,leaf_centroid,10,1.0,1.0,1.0,3.0344337201224976,2.8605734771524,3.2204133751640334,5.232,5.116474999999999,5.3625,0.0,0.0,0.0,0.12347605000513795,0.11047315499555452,0.13530430126152168
adult_income,0.0,free_l2,metric_clbr,10,1.0,1.0,1.0,0.6304008407371005,0.6020142862470207,0.6593013239620863,1.0145,1.004,1.027,1.0,1.0,1.0,0.04916669999647638,0.047152598742763986,0.051124862503093026
adult_income,0.0,free_l2,metric_leaf_projection,10,1.0,1.0,1.0,0.6304008407371005,0.6020142862470207,0.6593013239620863,1.0145,1.004,1.027,1.0,1.0,1.0,0.049727050013189,0.04788721126047903,0.05144814751596414
adult_income,0.0,free_l2,native_exact_k_sparse,10,1.0,1.0,1.0,0.6304008407371005,0.6020142862470207,0.6593013239620863,1.0145,1.004,1.027,1.0,1.0,1.0,0.09911964998400435,0.09470887623284625,0.10350030873588593
adult_income,0.0,free_l2,nn_positive_train,10,1.0,1.0,1.0,2.5727276838836874,2.5005907845499995,2.647605771004583,4.1445,3.9015,4.3955,0.1595,0.098,0.2185,0.05510089999552292,0.052085722495019124,0.05803163000297218
adult_income,0.0,free_l2,raw_leaf_projection,10,1.0,1.0,1.0,1.058663851112714,0.8331753835469726,1.2710596371181488,1.2165,1.1035,1.3245,1.0,1.0,1.0,0.05220180000196706,0.04983972500695018,0.05464168623775549
adult_income,0.0,immutable_l2,clbr,10,0.752,0.627,0.8800000000000001,1.079110636083204,0.84094624059467,1.3001987636290377,1.005808695652174,1.0,1.0142260869565218,1.0,1.0,1.0,0.06629569999631713,0.05784304125354538,0.0742299425014835
adult_income,0.0,immutable_l2,clbr_uncached,10,0.752,0.627,0.8800000000000001,1.079110636083204,0.84094624059467,1.3001987636290377,1.005808695652174,1.0,1.0142260869565218,1.0,1.0,1.0,0.07185134999053844,0.06229417498376506,0.08113736624007971
adult_income,0.0,immutable_l2,exact_leaf,10,1.0,1.0,1.0,0.6473030279709867,0.6124047776904508,0.6862844133303166,1.0,1.0,1.0,1.0,1.0,1.0,0.17461994997802321,0.15935203872314788,0.1897432074757944
adult_income,0.0,immutable_l2,exact_leaf_cached,10,1.0,1.0,1.0,0.6473030279709867,0.6124047776904508,0.6862844133303166,1.0,1.0,1.0,1.0,1.0,1.0,0.10559389999343693,0.10084479999113682,0.10963070876324536
adult_income,0.0,immutable_l2,leaf_centroid,10,0.9094999999999999,0.8460000000000001,0.967,2.575503119731736,2.3183655817139517,2.8337428542541447,3.170935126475722,3.088462415826439,3.267526076320447,0.8284197122339553,0.7312252643030428,0.9115375841735615,0.12632585000892504,0.11341186126287539,0.1390155337435317
adult_income,0.0,immutable_l2,metric_clbr,10,0.9574999999999999,0.932,0.9815000000000002,0.6501135021082342,0.6123872310506469,0.6932733492735782,1.0086973936428918,1.0,1.0239979400909793,0.9994535519125683,0.9983606557377049,1.0,0.05351610000980145,0.0508671250187831,0.05651460626158951
adult_income,0.0,immutable_l2,metric_leaf_projection,10,0.9534999999999998,0.9235000000000001,0.9810000000000001,0.6438322152056237,0.6115319530755924,0.6792197340561983,1.0,1.0,1.0,1.0,1.0,1.0,0.048927199996796844,0.04676386125205454,0.05125696124187016
adult_income,0.0,immutable_l2,native_exact_k_sparse,10,1.0,1.0,1.0,0.6473030279709867,0.6124047776904508,0.6862844133303166,1.0,1.0,1.0,1.0,1.0,1.0,0.10060204997444089,0.09722809997128934,0.10365440247281868
adult_income,0.0,immutable_l2,nn_positive_train,10,0.752,0.627,0.8800000000000001,2.2110204633635435,2.130434788685721,2.294083620640774,2.196905079387688,1.9707639064360805,2.430080932513541,0.9870000000000001,0.975,0.998,0.054303899993556115,0.05188460874621796,0.056549148739338764
adult_income,0.0,immutable_l2,raw_leaf_projection,10,0.75,0.6249875,0.8789999999999999,1.077485505300199,0.8401775370898459,1.2972106405886854,1.0,1.0,1.0,1.0,1.0,1.0,0.05235809999976482,0.05030034123818723,0.054399233760204876
adult_income,0.0,immutable_top3_l1,clbr,10,0.752,0.627,0.8800000000000001,1.0814871385941234,0.8413645890512949,1.3046087627692429,1.005808695652174,1.0,1.0142260869565218,1.0,1.0,1.0,0.06378344999620822,0.05483903377413526,0.07225582248183855
adult_income,0.0,immutable_top3_l1,clbr_uncached,10,0.752,0.627,0.8800000000000001,1.0814871385941234,0.8413645890512949,1.3046087627692429,1.005808695652174,1.0,1.0142260869565218,1.0,1.0,1.0,0.07309430000395878,0.06360173498514995,0.08215286501582568
adult_income,0.0,immutable_top3_l1,exact_leaf,10,0.9935,0.9884999999999999,0.998,0.6536728533316712,0.6193457700823158,0.6925814453897773,1.0,1.0,1.0,1.0,1.0,1.0,0.17527000000200132,0.15882853375210287,0.18988853251395313
adult_income,0.0,immutable_top3_l1,exact_leaf_cached,10,0.9935,0.9884999999999999,0.998,0.6536728533316712,0.6193457700823158,0.6925814453897773,1.0,1.0,1.0,1.0,1.0,1.0,0.09933200000659781,0.09657882501143149,0.10188418625592703
adult_income,0.0,immutable_top3_l1,leaf_centroid,10,0.8924999999999998,0.8265,0.9574999999999999,3.5660335911043872,3.1680243180108523,3.947067960342014,2.809909324774779,2.7819714212065536,2.8368401994722467,1.0,1.0,1.0,0.12085120000801908,0.10922857251592859,0.13103685376304383
adult_income,0.0,immutable_top3_l1,metric_clbr,10,0.9570000000000001,0.9324999999999999,0.9810000000000001,0.6957244898725699,0.6506321120098315,0.7457572088855395,1.0350635954267737,1.0149401107051894,1.056957293048851,1.0,1.0,1.0,0.05510765001008622,0.05018305875828446,0.06075614501399969
adult_income,0.0,immutable_top3_l1,metric_leaf_projection,10,0.9404999999999999,0.9075000000000001,0.9730125000000002,0.6435696286979904,0.6111443210408588,0.6791387090470586,1.0,1.0,1.0,1.0,1.0,1.0,0.047106250009619544,0.04562830500159407,0.048508655015155
adult_income,0.0,immutable_top3_l1,native_exact_k_sparse,10,1.0,1.0,1.0,0.6473030279709867,0.6124047776904508,0.6862844133303166,1.0,1.0,1.0,1.0,1.0,1.0,0.10123230000044714,0.09823603125939825,0.10408577000804371
adult_income,0.0,immutable_top3_l1,nn_positive_train,10,0.752,0.627,0.8800000000000001,2.973647349462044,2.870386561168706,3.0756649814418933,2.1839050793876886,1.9675845779771868,2.4069234416630065,1.0,1.0,1.0,0.053964049999194685,0.05123648626837394,0.05707477497363698
adult_income,0.0,immutable_top3_l1,raw_leaf_projection,10,0.75,0.6249875,0.8789999999999999,1.077485505300199,0.8401775370898459,1.2972106405886854,1.0,1.0,1.0,1.0,1.0,1.0,0.050473099999180704,0.04896177625321343,0.05206550625989621
bank_marketing,0.0,free_l2,clbr,10,1.0,1.0,1.0,1.8770705126104326,1.48423830540228,2.209137057505607,1.5674999999999997,1.3844999999999998,1.7430124999999999,1.0,1.0,1.0,0.04712695000034728,0.045863176243369705,0.048287457497906416
bank_marketing,0.0,free_l2,clbr_uncached,10,1.0,1.0,1.0,1.8770705126104326,1.48423830540228,2.209137057505607,1.5674999999999997,1.3844999999999998,1.7430124999999999,1.0,1.0,1.0,0.050877849997959856,0.04822316249719734,0.05453075749549043
bank_marketing,0.0,free_l2,exact_leaf,10,1.0,1.0,1.0,1.4886594614047084,1.1392518238823186,1.8416210265436113,1.4389999999999998,1.2725000000000002,1.6045125000000002,1.0,1.0,1.0,0.14188310001009086,0.12243785752187933,0.15896737251453033
bank_marketing,0.0,free_l2,exact_leaf_cached,10,1.0,1.0,1.0,1.4886594614047084,1.1392518238823186,1.8416210265436113,1.4389999999999998,1.2725000000000002,1.6045125000000002,1.0,1.0,1.0,0.09929664999572196,0.09659378999074306,0.10203672500377933
bank_marketing,0.0,free_l2,leaf_centroid,10,1.0,1.0,1.0,3.869696551346969,3.486819413151209,4.204879473626735,6.8515,6.599499999999999,6.998,0.0,0.0,0.0,0.09807519999412762,0.08898377873360915,0.10601072500115834
bank_marketing,0.0,free_l2,metric_clbr,10,1.0,1.0,1.0,1.4886594614047084,1.1392518238823186,1.8416210265436113,1.4389999999999998,1.2725000000000002,1.6045125000000002,1.0,1.0,1.0,0.04643375000478045,0.044813600004090404,0.04809670250849649
bank_marketing,0.0,free_l2,metric_leaf_projection,10,1.0,1.0,1.0,1.4886594614047084,1.1392518238823186,1.8416210265436113,1.4389999999999998,1.2725000000000002,1.6045125000000002,1.0,1.0,1.0,0.04764829999385256,0.04634642750663716,0.04888240875350221
bank_marketing,0.0,free_l2,native_exact_k_sparse,10,1.0,1.0,1.0,1.4886594614047084,1.1392518238823186,1.8416210265436113,1.4389999999999998,1.2725000000000002,1.6045125000000002,1.0,1.0,1.0,0.09493040001279951,0.09216711752414994,0.09780240625161696
bank_marketing,0.0,free_l2,nn_positive_train,10,1.0,1.0,1.0,3.53107092283532,3.399984504438908,3.670414271004378,5.523000000000001,5.173,5.914512500000001,0.022,0.0095,0.0355,0.04731060000267462,0.04621624501043016,0.048511132493717926
bank_marketing,0.0,free_l2,raw_leaf_projection,10,1.0,1.0,1.0,1.8770705126104326,1.48423830540228,2.209137057505607,1.5674999999999997,1.3844999999999998,1.7430124999999999,1.0,1.0,1.0,0.049892800001998694,0.04844764375029627,0.051280190008992574
bank_marketing,0.0,immutable_l2,clbr,10,0.465,0.221,0.7164999999999999,1.4357002913876182,0.9844540010955839,1.8670127155139347,1.90247602156728,1.501310664939551,2.330383629929863,0.8970849969976662,0.8120476570189612,0.964788161364607,0.11560869999993884,0.07777281499602395,0.16400180249788718
bank_marketing,0.0,immutable_l2,clbr_uncached,10,0.465,0.221,0.7164999999999999,1.4357002913876182,0.9844540010955839,1.8670127155139347,1.90247602156728,1.501310664939551,2.330383629929863,0.8970849969976662,0.8120476570189612,0.964788161364607,0.1200641999967047,0.08161355874437959,0.16973932374660308
bank_marketing,0.0,immutable_l2,exact_leaf,10,1.0,1.0,1.0,1.779435740723266,1.3350856515925122,2.2043987104110263,1.2759999999999998,1.0815000000000001,1.497,1.0,1.0,1.0,0.13241730000299867,0.11459008875305017,0.14859344377001663
bank_marketing,0.0,immutable_l2,exact_leaf_cached,10,1.0,1.0,1.0,1.779435740723266,1.3350856515925122,2.2043987104110263,1.2759999999999998,1.0815000000000001,1.497,1.0,1.0,1.0,0.0936121500049012,0.09186377876054622,0.09548990500585433
bank_marketing,0.0,immutable_l2,leaf_centroid,10,0.704,0.5145,0.875025,3.2974785946710257,2.7514460813663217,3.8073974147819123,3.887602244594818,3.71499950486879,3.998,0.11239775540518238,0.002,0.2850004951312098,0.0952142500032096,0.08574834375398269,0.10360498376278429
bank_marketing,0.0,immutable_l2,metric_clbr,10,0.7074999999999999,0.5069999999999999,0.885,1.5565278610632114,1.183159585347693,1.9189216196179084,1.3855704973040717,1.1941277803877504,1.5996286803245747,0.9910403803545416,0.9840723727806088,0.9969543147208121,0.07574490000433798,0.059909973762887606,0.09328907749766131
bank_marketing,0.0,immutable_l2,metric_leaf_projection,10,0.6639999999999999,0.4554750000000001,0.8494999999999999,1.4948612112471857,1.1305852677731827,1.8539618988259958,1.2405137504982064,1.0680682841769629,1.4372845605819051,1.0,1.0,1.0,0.04461789998049426,0.04373583873116331,0.04545812373078206
bank_marketing,0.0,immutable_l2,native_exact_k_sparse,10,1.0,1.0,1.0,1.779435740723266,1.3350856515925122,2.2043987104110263,1.2759999999999998,1.0815000000000001,1.497,1.0,1.0,1.0,0.09051894999220167,0.08824519624469077,0.09262733499499518
bank_marketing,0.0,immutable_l2,nn_positive_train,10,0.45550000000000007,0.20747499999999997,0.7115,2.245343104013874,1.7866694958682532,2.6916149767212034,3.196842830251274,3.025540747642361,3.3843730740841034,0.6723595237672562,0.5338171130952382,0.7987755199548132,0.043985499994960264,0.04298665625354943,0.045069601254226654
bank_marketing,0.0,immutable_l2,raw_leaf_projection,10,0.34550000000000003,0.08548750000000001,0.622,0.9845676768078746,0.4991914740142904,1.5213995889077545,1.1191705653021444,1.0105263157894737,1.2773430799220276,1.0,1.0,1.0,0.047173099997053214,0.0461837437382087,0.04807360499529523
bank_marketing,0.0,immutable_top3_l1,clbr,10,0.4585,0.2129875,0.7130500000000003,1.7064586657827252,1.2125922525753183,2.1551112034260655,1.8337454361431464,1.4821171246773264,2.185104032258065,1.0,1.0,1.0,0.12071330000208036,0.08073721249083973,0.17610533751598043
bank_marketing,0.0,immutable_top3_l1,clbr_uncached,10,0.4585,0.2129875,0.7130500000000003,1.7064586657827252,1.2125922525753183,2.1551112034260655,1.8337454361431464,1.4821171246773264,2.185104032258065,1.0,1.0,1.0,0.13044939998781047,0.08956158625072703,0.1855678662247783
bank_marketing,0.0,immutable_top3_l1,exact_leaf,10,0.898,0.7589999999999999,1.0,1.9192807947784956,1.4742157786128929,2.3258231238132745,1.1482383120825745,1.0367360579842135,1.2970374468731025,1.0,1.0,1.0,0.13081259999808026,0.11129774751368586,0.14863034874581443
bank_marketing,0.0,immutable_top3_l1,exact_leaf_cached,10,0.898,0.7589999999999999,1.0,1.9192807947784956,1.4742157786128929,2.3258231238132745,1.1482383120825745,1.0367360579842135,1.2970374468731025,1.0,1.0,1.0,0.08888999999271618,0.08141643373072611,0.09488967749867926
bank_marketing,0.0,immutable_top3_l1,leaf_centroid,10,0.6399999999999999,0.43,0.8459999999999999,4.011548468368863,3.392914042584572,4.585849530170038,2.9649143346409566,2.918588640275387,2.998477157360406,1.0,1.0,1.0,0.0981362499937859,0.08802604125564813,0.10699056623001298
bank_marketing,0.0,immutable_top3_l1,metric_clbr,10,0.6695,0.445,0.8919999999999998,1.6604024616925024,1.252298799761029,2.053221256847684,1.2714596977881698,1.1102596955243542,1.460455511525126,1.0,1.0,1.0,0.07265730000744952,0.056274401268501605,0.08920462500461782
bank_marketing,0.0,immutable_top3_l1,metric_leaf_projection,10,0.643,0.4125,0.8714999999999999,1.5608711185330097,1.167140640178937,1.9568271378058157,1.1406294813119753,1.0276315789473682,1.295886513157895,1.0,1.0,1.0,0.043761099988387286,0.042001859981417054,0.04560657621804012
bank_marketing,0.0,immutable_top3_l1,native_exact_k_sparse,10,1.0,1.0,1.0,1.9238256368549558,1.4345523324640066,2.3922144533503102,1.2734999999999999,1.0815000000000001,1.4925250000000003,1.0,1.0,1.0,0.0975319500016667,0.0935619162543162,0.10130215748268938
bank_marketing,0.0,immutable_top3_l1,nn_positive_train,10,0.45499999999999996,0.2069875,0.7110125,2.7431422648540686,2.1489245626179656,3.3241503734797666,2.869202354018531,2.7873056891025643,2.934559496875673,1.0,1.0,1.0,0.0462733500048671,0.04376055251094613,0.0487721399897282
bank_marketing,0.0,immutable_top3_l1,raw_leaf_projection,10,0.33399999999999996,0.0779875,0.6070125000000001,1.0464237600125892,0.5193701545728624,1.6335042549761398,1.1141754385964913,1.0,1.2761929824561402,1.0,1.0,1.0,0.04796239999905083,0.045453090007822536,0.05057577625616432
breast_cancer,0.0,free_l2,clbr,10,1.0,1.0,1.0,1.3393548403551765,1.2109421487024454,1.4701321654750015,1.4531853286178236,1.303068258470369,1.5901953025653022,1.0,1.0,1.0,0.05279587932405919,0.0481553127124032,0.05742307803508457
breast_cancer,0.0,free_l2,clbr_uncached,10,1.0,1.0,1.0,1.3393548403551765,1.2109421487024454,1.4701321654750015,1.4531853286178236,1.303068258470369,1.5901953025653022,1.0,1.0,1.0,0.05695309628480608,0.05285348329346429,0.060634733141217756
breast_cancer,0.0,free_l2,exact_leaf,10,1.0,1.0,1.0,1.0277634854328477,0.9414941300398154,1.1215425687789669,1.4076778945620347,1.2874893000046452,1.5382287167920459,1.0,1.0,1.0,0.1698953963824387,0.14809311160692856,0.19101372782029216
breast_cancer,0.0,free_l2,exact_leaf_cached,10,1.0,1.0,1.0,1.0277634854328477,0.9414941300398154,1.1215425687789669,1.4076778945620347,1.2874893000046452,1.5382287167920459,1.0,1.0,1.0,0.11001441363968249,0.10044781829167454,0.12024327289370552
breast_cancer,0.0,free_l2,leaf_centroid,10,1.0,1.0,1.0,6.569642395505729,6.280311872456166,6.8724288093722,30.0,30.0,30.0,0.0,0.0,0.0,0.09237410797838815,0.08382467966025671,0.10038278935468915
breast_cancer,0.0,free_l2,metric_clbr,10,1.0,1.0,1.0,1.0277634854328477,0.9414941300398154,1.1215425687789669,1.4076778945620347,1.2874893000046452,1.5382287167920459,1.0,1.0,1.0,0.052984010861093264,0.04816302421877582,0.05801009909396207
breast_cancer,0.0,free_l2,metric_leaf_projection,10,1.0,1.0,1.0,1.0277634854328477,0.9414941300398154,1.1215425687789669,1.4076778945620347,1.2874893000046452,1.5382287167920459,1.0,1.0,1.0,0.054284928933967636,0.0498825724894754,0.05864335503245091
breast_cancer,0.0,free_l2,native_exact_k_sparse,10,1.0,1.0,1.0,1.0277634854328477,0.9414941300398154,1.1215425687789669,1.4076778945620347,1.2874893000046452,1.5382287167920459,1.0,1.0,1.0,0.10535730740693854,0.09726277410762328,0.11331810257503079
breast_cancer,0.0,free_l2,nn_positive_train,10,1.0,1.0,1.0,7.301479658741582,7.039125985352238,7.572307712165374,29.97940247235976,29.965492680835144,29.99079977818314,0.0,0.0,0.0,0.05519699767599336,0.05125569080733226,0.05932455142174309
breast_cancer,0.0,free_l2,raw_leaf_projection,10,1.0,1.0,1.0,1.3393548403551765,1.2109421487024454,1.4701321654750015,1.4531853286178236,1.303068258470369,1.5901953025653022,1.0,1.0,1.0,0.054911585386154725,0.04994884596714111,0.060631171343726434
breast_cancer,0.0,immutable_l2,clbr,10,0.9033416355334165,0.7730386052303861,1.0,1.4358000947015501,1.2223854878291847,1.7149638772113738,2.6151151930753835,1.4207828161442544,4.851705252871185,0.9565217391304348,0.8695652173913043,1.0,0.06231780225326809,0.05048581409622073,0.08091668039933816
breast_cancer,0.0,immutable_l2,clbr_uncached,10,0.9033416355334165,0.7730386052303861,1.0,1.4358000947015501,1.2223854878291847,1.7149638772113738,2.6151151930753835,1.4207828161442544,4.851705252871185,0.9565217391304348,0.8695652173913043,1.0,0.06496876992290437,0.05232825760617135,0.08414813121345129
breast_cancer,0.0,immutable_l2,exact_leaf,10,1.0,1.0,1.0,1.0760348590486197,0.9957983870866517,1.1582128945492711,1.4456189489414453,1.312443121883474,1.5778180978011502,1.0,1.0,1.0,0.16828666188531294,0.15296240108703568,0.18316870399137408
breast_cancer,0.0,immutable_l2,exact_leaf_cached,10,1.0,1.0,1.0,1.0760348590486197,0.9957983870866517,1.1582128945492711,1.4456189489414453,1.312443121883474,1.5778180978011502,1.0,1.0,1.0,0.10526172837784745,0.10067191188092597,0.11079698830076522
breast_cancer,0.0,immutable_l2,leaf_centroid,10,0.8419053549190536,0.6065379825653798,1.0,6.353669320757989,5.974055412587902,6.817786299257174,27.0,27.0,27.0,0.0,0.0,0.0,0.09105745695257153,0.08652771044686523,0.09578662913106696
breast_cancer,0.0,immutable_l2,metric_clbr,10,0.9469904524699047,0.8697384806973847,1.0,1.044108945033148,0.9646354759609667,1.1309865388793452,1.5362773772711065,1.34265633849415,1.7438806729540632,0.9960769230769231,0.9902307692307692,1.0,0.055768914508736,0.05043874124398979,0.06265022946855375
breast_cancer,0.0,immutable_l2,metric_leaf_projection,10,0.9441054379410543,0.862453300124533,1.0,1.015794522077258,0.9203308919325732,1.1167940492542567,1.4384243899223208,1.3078341637859967,1.5715163573682547,1.0,1.0,1.0,0.051336883669143595,0.04908039825337523,0.05324434929595895
breast_cancer,0.0,immutable_l2,native_exact_k_sparse,10,1.0,1.0,1.0,1.0760348590486197,0.9957983870866517,1.1582128945492711,1.4456189489414453,1.312443121883474,1.5778180978011502,1.0,1.0,1.0,0.104285230364027,0.09953289616209902,0.10907864714801896
breast_cancer,0.0,immutable_l2,nn_positive_train,10,0.8540265670402658,0.6429016189290162,1.0,6.970784480472086,6.708800833610803,7.244066856332839,26.97768799827623,26.948864468864468,26.994789915966386,0.0,0.0,0.0,0.05430190743992595,0.051189643994505554,0.05763353800170661
breast_cancer,0.0,immutable_l2,raw_leaf_projection,10,0.8881901203819013,0.7275840597758406,1.0,1.2227313585642499,0.9742868566838515,1.4148411815489692,1.4980583368880922,1.3679420663170303,1.6148929006264228,1.0,1.0,1.0,0.05292480922599839,0.050341034189377465,0.05519875503195807
breast_cancer,0.0,immutable_top3_l1,clbr,10,0.20667736244656149,0.09905193599213792,0.343096037467247,1.0460953876590116,0.6259122886240533,1.5024714562354675,2.0649910490511996,1.6916226279985678,2.4436294307196564,1.0,1.0,1.0,0.12605486047572267,0.11247586573064486,0.13870305222434107
breast_cancer,0.0,immutable_top3_l1,clbr_uncached,10,0.20667736244656149,0.09905193599213792,0.343096037467247,1.0460953876590116,0.6259122886240533,1.5024714562354675,2.0649910490511996,1.6916226279985678,2.4436294307196564,1.0,1.0,1.0,0.13568564089889373,0.12174790027684693,0.1486655655551622
breast_cancer,0.0,immutable_top3_l1,exact_leaf,10,0.38712077138701184,0.22321996975254915,0.570849821396426,0.9988914266108461,0.7716877742937279,1.245191335802256,1.0130368504772005,1.0,1.0279758748674444,1.0,1.0,1.0,0.128255211373098,0.11092115299215105,0.14867379952969004
breast_cancer,0.0,immutable_top3_l1,exact_leaf_cached,10,0.38712077138701184,0.22321996975254915,0.570849821396426,0.9988914266108461,0.7716877742937279,1.245191335802256,1.0130368504772005,1.0,1.0279758748674444,1.0,1.0,1.0,0.07669735129403235,0.0686086948503411,0.08542944276753629
breast_cancer,0.0,immutable_top3_l1,leaf_centroid,10,0.22312218061810835,0.08872414644672882,0.40424738306448993,2.7435755284034937,2.1520229108749027,3.3819739399604316,3.0,3.0,3.0,1.0,1.0,1.0,0.09087300774768721,0.08331927348740756,0.10260050323143123
breast_cancer,0.0,immutable_top3_l1,metric_clbr,10,0.289568982992328,0.18697097771633464,0.3938304129267761,0.899347349710766,0.7127346223847547,1.0817100738234222,1.2961808367071523,1.072361673414305,1.6131578947368421,1.0,1.0,1.0,0.10268999806943888,0.08956202427675719,0.11825687090156521
breast_cancer,0.0,immutable_top3_l1,metric_leaf_projection,10,0.2672073294553689,0.16068334658517586,0.3761707971530247,0.7730165007929157,0.5577468512709043,0.9802090586558794,1.009090909090909,1.0,1.0272727272727273,1.0,1.0,1.0,0.04718292412367049,0.04414322497800706,0.050751870543685525
breast_cancer,0.0,immutable_top3_l1,native_exact_k_sparse,10,1.0,1.0,1.0,1.223044700986653,1.1024690136705964,1.3397731632920777,1.380617878816888,1.2217344937065107,1.5392243462804875,1.0,1.0,1.0,0.10726831729187025,0.09951194345710489,0.11507711569802508
breast_cancer,0.0,immutable_top3_l1,nn_positive_train,10,0.14638803152431917,0.08975354944860835,0.2271981175196248,1.615310486454528,1.09008349334928,2.2112591226102927,3.0,3.0,3.0,1.0,1.0,1.0,0.052695398223393454,0.05003200538384217,0.05554015211130287
breast_cancer,0.0,immutable_top3_l1,raw_leaf_projection,10,0.1340703484286902,0.03830819546623941,0.25996725847991675,0.8117371912687366,0.3556448218548552,1.39109332116422,1.0,1.0,1.0,1.0,1.0,1.0,0.049376412022307394,0.046257713142700815,0.05305367113169764
compas,0.0,free_l2,clbr,10,1.0,1.0,1.0,1.667608306436111,1.2999374431722148,2.183716602556454,1.1255,1.008,1.3063375000000015,1.0,1.0,1.0,0.05319985001642635,0.0486744575365492,0.05803688750492029
compas,0.0,free_l2,clbr_uncached,10,1.0,1.0,1.0,1.667608306436111,1.2999374431722148,2.183716602556454,1.1255,1.008,1.3063375000000015,1.0,1.0,1.0,0.05351029998519152,0.049100529986742456,0.058187793737010905
compas,0.0,free_l2,exact_leaf,10,1.0,1.0,1.0,1.2870401682163866,1.264611639048288,1.3075097767825326,1.0059999999999998,1.0015,1.012,1.0,1.0,1.0,0.1378980999970736,0.1231781612437544,0.15441637250866053
compas,0.0,free_l2,exact_leaf_cached,10,1.0,1.0,1.0,1.2870401682163866,1.264611639048288,1.3075097767825326,1.0059999999999998,1.0015,1.012,1.0,1.0,1.0,0.10755100002188556,0.09898273002488622,0.11684096502591501
compas,0.0,free_l2,leaf_centroid,10,1.0,1.0,1.0,3.907064036741043,3.232317092252428,4.620873941910643,7.540000000000001,6.9624625,7.911499999999999,0.0,0.0,0.0,0.137004999988676,0.12507170873639098,0.15095235749524819
compas,0.0,free_l2,metric_clbr,10,1.0,1.0,1.0,1.2870401682163866,1.264611639048288,1.3075097767825326,1.0059999999999998,1.0015,1.012,1.0,1.0,1.0,0.051981450001221674,0.04764665625577891,0.056537868751922814
compas,0.0,free_l2,metric_leaf_projection,10,1.0,1.0,1.0,1.2870401682163866,1.264611639048288,1.3075097767825326,1.0059999999999998,1.0015,1.012,1.0,1.0,1.0,0.05211424998788061,0.04817506247475194,0.056137752497215844
compas,0.0,free_l2,native_exact_k_sparse,10,1.0,1.0,1.0,1.2870401682163866,1.264611639048288,1.3075097767825326,1.0059999999999998,1.0015,1.012,1.0,1.0,1.0,0.10374645000820237,0.09499341000304184,0.11257014625244893
compas,0.0,free_l2,nn_positive_train,10,1.0,1.0,1.0,2.6437137913921025,2.5003863610681405,2.828189975280407,3.9765,3.8845,4.093,0.2965,0.2584875,0.3245,0.07314369998857728,0.06707780998112867,0.0794656937497166
compas,0.0,free_l2,raw_leaf_projection,10,1.0,1.0,1.0,1.667608306436111,1.2999374431722148,2.183716602556454,1.1255,1.008,1.3063375000000015,1.0,1.0,1.0,0.05617635001135568,0.05165127874462314,0.061017055016066024
compas,0.0,immutable_l2,clbr,10,1.0,1.0,1.0,1.667608306436111,1.2999374431722148,2.183716602556454,1.1255,1.008,1.3063375000000015,1.0,1.0,1.0,0.05310164999173139,0.04950964499113297,0.05642552250016024
compas,0.0,immutable_l2,clbr_uncached,10,1.0,1.0,1.0,1.667608306436111,1.2999374431722148,2.183716602556454,1.1255,1.008,1.3063375000000015,1.0,1.0,1.0,0.05540970000629386,0.05142844000274636,0.05930165374827539
compas,0.0,immutable_l2,exact_leaf,10,1.0,1.0,1.0,1.2870401682163866,1.264611639048288,1.3075097767825326,1.0059999999999998,1.0015,1.012,1.0,1.0,1.0,0.14305749999175532,0.1292701087513933,0.15710101499079202
compas,0.0,immutable_l2,exact_leaf_cached,10,1.0,1.0,1.0,1.2870401682163866,1.264611639048288,1.3075097767825326,1.0059999999999998,1.0015,1.012,1.0,1.0,1.0,0.11238534999665717,0.10539491124301321,0.11919941626237004
compas,0.0,immutable_l2,leaf_centroid,10,1.0,1.0,1.0,3.06745816509764,2.328237857366723,3.85080798771582,2.899,2.816975,2.979,1.0,1.0,1.0,0.14004954998927133,0.13136476749666598,0.14894048622605852
compas,0.0,immutable_l2,metric_clbr,10,1.0,1.0,1.0,1.2870401682163866,1.264611639048288,1.3075097767825326,1.0059999999999998,1.0015,1.012,1.0,1.0,1.0,0.053133399995203945,0.049615677487361155,0.056349406240406096
compas,0.0,immutable_l2,metric_leaf_projection,10,1.0,1.0,1.0,1.2870401682163866,1.264611639048288,1.3075097767825326,1.0059999999999998,1.0015,1.012,1.0,1.0,1.0,0.0542812499993488,0.050863978754296116,0.05769549375629594
compas,0.0,immutable_l2,native_exact_k_sparse,10,1.0,1.0,1.0,1.2870401682163866,1.264611639048288,1.3075097767825326,1.0059999999999998,1.0015,1.012,1.0,1.0,1.0,0.10822625001037522,0.10081150751651649,0.11578339876623432
compas,0.0,immutable_l2,nn_positive_train,10,1.0,1.0,1.0,1.5660492860105262,1.4569769168635116,1.7326558485910932,1.9579999999999997,1.8840000000000003,2.0615,1.0,1.0,1.0,0.07608830000344824,0.07138450124781456,0.08068064750949588
compas,0.0,immutable_l2,raw_leaf_projection,10,1.0,1.0,1.0,1.667608306436111,1.2999374431722148,2.183716602556454,1.1255,1.008,1.3063375000000015,1.0,1.0,1.0,0.05680930000153239,0.05306133876678132,0.06055830875152424
compas,0.0,immutable_top3_l1,clbr,10,1.0,1.0,1.0,1.752511733267187,1.30422727374306,2.3789533669585596,1.1255,1.008,1.3063375000000015,1.0,1.0,1.0,0.054606099992270174,0.05030380499819102,0.05793258124567728
compas,0.0,immutable_top3_l1,clbr_uncached,10,1.0,1.0,1.0,1.752511733267187,1.30422727374306,2.3789533669585596,1.1255,1.008,1.3063375000000015,1.0,1.0,1.0,0.05947420000256898,0.054845170000385225,0.06339005126017128
compas,0.0,immutable_top3_l1,exact_leaf,10,1.0,1.0,1.0,1.2887781774597724,1.265664804752241,1.3099800741143843,1.0044999999999997,1.0015,1.0079999999999998,1.0,1.0,1.0,0.14755655000135448,0.13171942748685977,0.16463578499802906
compas,0.0,immutable_top3_l1,exact_leaf_cached,10,1.0,1.0,1.0,1.2887781774597724,1.265664804752241,1.3099800741143843,1.0044999999999997,1.0015,1.0079999999999998,1.0,1.0,1.0,0.11138239999945654,0.10243998124578865,0.11886937749392246
compas,0.0,immutable_top3_l1,leaf_centroid,10,1.0,1.0,1.0,3.619494974507578,2.7669744683541047,4.547038402290448,2.899,2.816975,2.979,1.0,1.0,1.0,0.14490129998921475,0.13484622001327579,0.1540329437357059
compas,0.0,immutable_top3_l1,metric_clbr,10,1.0,1.0,1.0,1.2887781774597724,1.265664804752241,1.3099800741143843,1.0044999999999997,1.0015,1.0079999999999998,1.0,1.0,1.0,0.05290015000082349,0.04887041749079799,0.05619479999904797
compas,0.0,immutable_top3_l1,metric_leaf_projection,10,1.0,1.0,1.0,1.2887781774597724,1.265664804752241,1.3099800741143843,1.0044999999999997,1.0015,1.0079999999999998,1.0,1.0,1.0,0.05384135000213064,0.049761801257363916,0.057058749996940605
compas,0.0,immutable_top3_l1,native_exact_k_sparse,10,1.0,1.0,1.0,1.2887781774597724,1.265664804752241,1.3099800741143843,1.0044999999999997,1.0015,1.0079999999999998,1.0,1.0,1.0,0.11404515000731408,0.10577222875107281,0.12080433376180509
compas,0.0,immutable_top3_l1,nn_positive_train,10,1.0,1.0,1.0,1.7848892623450283,1.6543431254402707,1.981787085766913,1.9579999999999997,1.8840000000000003,2.0615,1.0,1.0,1.0,0.07660320000377396,0.07097505999589657,0.08115481999609528
compas,0.0,immutable_top3_l1,raw_leaf_projection,10,1.0,1.0,1.0,1.752511733267187,1.30422727374306,2.3789533669585596,1.1255,1.008,1.3063375000000015,1.0,1.0,1.0,0.05759734999810462,0.053334305004841556,0.06110009124109865
credit_default,0.0,free_l2,clbr,10,1.0,1.0,1.0,0.7135313551572372,0.6464852433197291,0.8001109239347153,1.1465,1.0545,1.2389999999999999,1.0,1.0,1.0,0.05114040000626119,0.04966377126211228,0.052299057490176895
credit_default,0.0,free_l2,clbr_uncached,10,1.0,1.0,1.0,0.7135313551572372,0.6464852433197291,0.8001109239347153,1.1465,1.0545,1.2389999999999999,1.0,1.0,1.0,0.06056774999797199,0.058645650004109484,0.06293902123537691
credit_default,0.0,free_l2,exact_leaf,10,1.0,1.0,1.0,0.5040042773652107,0.39896853808280425,0.6440543340601688,1.153,1.0755000000000001,1.2405,1.0,1.0,1.0,0.23266080000030342,0.2142271462545068,0.25014029876656424
credit_default,0.0,free_l2,exact_leaf_cached,10,1.0,1.0,1.0,0.5040042773652107,0.39896853808280425,0.6440543340601688,1.153,1.0755000000000001,1.2405,1.0,1.0,1.0,0.10835739999538418,0.10527204249551687,0.11122211874471759
credit_default,0.0,free_l2,leaf_centroid,10,1.0,1.0,1.0,4.657267483927157,4.437000638953797,4.854486193002841,22.859500000000004,22.7185,22.971512500000003,0.0,0.0,0.0,0.23365380000723235,0.22507102499334905,0.2423260050183785
credit_default,0.0,free_l2,metric_clbr,10,1.0,1.0,1.0,0.5040042773652107,0.39896853808280425,0.6440543340601688,1.153,1.0755000000000001,1.2405,1.0,1.0,1.0,0.05062390000830419,0.049310130018136535,0.05181382001902648
credit_default,0.0,free_l2,metric_leaf_projection,10,1.0,1.0,1.0,0.5040042773652107,0.39896853808280425,0.6440543340601688,1.153,1.0755000000000001,1.2405,1.0,1.0,1.0,0.05148809999855075,0.04999002000311066,0.05285023623247298
credit_default,0.0,free_l2,native_exact_k_sparse,10,1.0,1.0,1.0,0.5040042773652107,0.39896853808280425,0.6440543340601688,1.153,1.0755000000000001,1.2405,1.0,1.0,1.0,0.102623550001681,0.09944500874061077,0.10590249999132766
credit_default,0.0,free_l2,nn_positive_train,10,1.0,1.0,1.0,4.751571652452985,4.687265692445768,4.812455903160098,17.7175,17.5465,17.8935,0.0,0.0,0.0,0.11824949999027012,0.1162731249916078,0.12021645501732792
credit_default,0.0,free_l2,raw_leaf_projection,10,1.0,1.0,1.0,0.7135313551572372,0.6464852433197291,0.8001109239347153,1.1465,1.0545,1.2389999999999999,1.0,1.0,1.0,0.05499369998551629,0.05331399873271039,0.05663642874879997
credit_default,0.0,immutable_l2,clbr,10,1.0,1.0,1.0,0.7199443714903966,0.6516263517620708,0.8074211007812029,1.1935,1.0615,1.3339999999999999,0.9964999999999999,0.9894999999999999,1.0,0.052332749996821804,0.04954779875182567,0.05632518998821752
credit_default,0.0,immutable_l2,clbr_uncached,10,1.0,1.0,1.0,0.7199443714903966,0.6516263517620708,0.8074211007812029,1.1935,1.0615,1.3339999999999999,0.9964999999999999,0.9894999999999999,1.0,0.06163455000569229,0.058637475007890315,0.0656585500049232
credit_default,0.0,immutable_l2,exact_leaf,10,1.0,1.0,1.0,0.5154040538042689,0.40439966467998245,0.6565119810767237,1.1540000000000001,1.076,1.2419999999999998,1.0,1.0,1.0,0.23263395000276432,0.2178543200141803,0.24630839499892546
credit_default,0.0,immutable_l2,exact_leaf_cached,10,1.0,1.0,1.0,0.5154040538042689,0.40439966467998245,0.6565119810767237,1.1540000000000001,1.076,1.2419999999999998,1.0,1.0,1.0,0.10659679999525906,0.10246272874364877,0.1106638862467321
credit_default,0.0,immutable_l2,leaf_centroid,10,0.9935,0.9804999999999999,1.0,4.125263907441625,3.8684747580179955,4.357945973445887,18.923649732620326,18.83343669786096,18.986,0.0,0.0,0.0,0.2329345000016474,0.22254482375942644,0.2433291224984032
credit_default,0.0,immutable_l2,metric_clbr,10,1.0,1.0,1.0,0.53287269093521,0.4077451101233925,0.688030350494388,1.3749999999999998,1.0834875,1.8590250000000001,0.984,0.952,1.0,0.056807049995768466,0.049354498747175055,0.07001446250540085
credit_default,0.0,immutable_l2,metric_leaf_projection,10,0.984,0.952,1.0,0.5016099147084457,0.3976794551294246,0.6415671112086481,1.1519285714285714,1.0744285714285715,1.2390035714285714,1.0,1.0,1.0,0.05094554999004686,0.04948303624212258,0.0522791562446173
credit_default,0.0,immutable_l2,native_exact_k_sparse,10,1.0,1.0,1.0,0.5154040538042689,0.40439966467998245,0.6565119810767237,1.1540000000000001,1.076,1.2419999999999998,1.0,1.0,1.0,0.10252884999772505,0.09827048250731422,0.10662692249860584
credit_default,0.0,immutable_l2,nn_positive_train,10,1.0,1.0,1.0,3.763249924307498,3.697806089835872,3.834461210623613,15.169,15.008999999999997,15.339000000000002,0.007000000000000001,0.0045,0.01,0.11584605000552983,0.11275878501658099,0.11898495000104958
credit_default,0.0,immutable_l2,raw_leaf_projection,10,0.9964999999999999,0.9894999999999999,1.0,0.7143798897518409,0.6473271308738285,0.8012073432987329,1.1462979274611398,1.0542979274611397,1.2387979274611398,1.0,1.0,1.0,0.05487534998655974,0.05325455997110566,0.05657524498217299
credit_default,0.0,immutable_top3_l1,clbr,10,0.014499999999999999,0.0085,0.021500000000000002,0.4665913518308075,0.28353642204852353,0.7041558270485371,1.675,1.25,2.1333333333333337,1.0,1.0,1.0,0.11323775000391834,0.1075601350064744,0.11943777874753322
credit_default,0.0,immutable_top3_l1,clbr_uncached,10,0.014499999999999999,0.0085,0.021500000000000002,0.4665913518308075,0.28353642204852353,0.7041558270485371,1.675,1.25,2.1333333333333337,1.0,1.0,1.0,0.12839899999244153,0.12316359999553014,0.1337447724832373
credit_default,0.0,immutable_top3_l1,exact_leaf,10,0.17099999999999999,0.097,0.2435,0.9544483835922218,0.654518892037242,1.4013141720338473,1.0787878787878789,1.0,1.2363636363636363,1.0,1.0,1.0,0.17553764999047416,0.16192067874718533,0.18890705749439576
credit_default,0.0,immutable_top3_l1,exact_leaf_cached,10,0.17099999999999999,0.097,0.2435,0.9544483835922218,0.654518892037242,1.4013141720338473,1.0787878787878789,1.0,1.2363636363636363,1.0,1.0,1.0,0.06445610000446322,0.060484126260473656,0.06838996376621935
credit_default,0.0,immutable_top3_l1,leaf_centroid,10,0.03250000000000001,0.01,0.06200000000000001,1.9811967790055265,1.2112286344288645,2.844900604579864,2.9444444444444446,2.8333333333333335,3.0,1.0,1.0,1.0,0.22329829999398498,0.21351360498575786,0.23325146373645114
credit_default,0.0,immutable_top3_l1,metric_clbr,10,0.0915,0.0495,0.1355,0.46197517654371356,0.2802904626890219,0.7056655688575698,1.142149994149994,1.0334054054054054,1.2843636363636364,1.0,1.0,1.0,0.10527090000186945,0.10106875873508443,0.10914875625132936
credit_default,0.0,immutable_top3_l1,metric_leaf_projection,10,0.088,0.0465,0.13199999999999998,0.42096567858466605,0.25955662341124536,0.6580685913836987,1.0363636363636364,1.0,1.109090909090909,1.0,1.0,1.0,0.04754354999658972,0.04552374124136804,0.04948682000298277
credit_default,0.0,immutable_top3_l1,native_exact_k_sparse,10,1.0,1.0,1.0,0.5447209129934442,0.42256629111701477,0.6902106063798822,1.1229999999999998,1.0554875,1.206,1.0,1.0,1.0,0.10218449999592849,0.09814817373791129,0.10567154999702097
credit_default,0.0,immutable_top3_l1,nn_positive_train,10,0.014499999999999999,0.0085,0.021500000000000002,3.679896801901331,2.477450279745818,4.841807853634328,3.0,3.0,3.0,1.0,1.0,1.0,0.1124253999978464,0.10966468501070495,0.11550456873064832
credit_default,0.0,immutable_top3_l1,raw_leaf_projection,10,0.007000000000000001,0.0045,0.01,0.549606697082329,0.4461485351813239,0.7525414498373385,1.0,1.0,1.0,1.0,1.0,1.0,0.05038534999221156,0.04860133375104851,0.05206139748412397
german_credit,0.0,free_l2,clbr,10,1.0,1.0,1.0,0.745380051528642,0.6011536526251592,0.8914769100237825,1.0934745559551051,1.0527527024081942,1.13614649122807,1.0,1.0,1.0,0.041932553200341206,0.04045622252468982,0.04341982156457972
german_credit,0.0,free_l2,clbr_uncached,10,1.0,1.0,1.0,0.745380051528642,0.6011536526251592,0.8914769100237825,1.0934745559551051,1.0527527024081942,1.13614649122807,1.0,1.0,1.0,0.04755045761440158,0.04524382795639501,0.05006949290999637
german_credit,0.0,free_l2,exact_leaf,10,1.0,1.0,1.0,0.42750193541482656,0.36825100850666936,0.48578457050437357,1.0690278287692476,1.0406583044148834,1.0947679944007176,1.0,1.0,1.0,0.16490511135725106,0.14555534482742963,0.18539878349309508
german_credit,0.0,free_l2,exact_leaf_cached,10,1.0,1.0,1.0,0.42750193541482656,0.36825100850666936,0.48578457050437357,1.0690278287692476,1.0406583044148834,1.0947679944007176,1.0,1.0,1.0,0.08564412527031977,0.08258777752616975,0.08858114354924637
german_credit,0.0,free_l2,leaf_centroid,10,1.0,1.0,1.0,3.195945339749104,3.0467244974561942,3.3456620053445643,6.862214776070611,6.728699738476625,6.962929061784896,0.0,0.0,0.0,0.09147631475681846,0.08599199727147176,0.09703154321275971
german_credit,0.0,free_l2,metric_clbr,10,1.0,1.0,1.0,0.42750193541482656,0.36825100850666936,0.48578457050437357,1.0690278287692476,1.0406583044148834,1.0947679944007176,1.0,1.0,1.0,0.04190715513111191,0.04052060161080836,0.04333087478023189
german_credit,0.0,free_l2,metric_leaf_projection,10,1.0,1.0,1.0,0.42750193541482656,0.36825100850666936,0.48578457050437357,1.0690278287692476,1.0406583044148834,1.0947679944007176,1.0,1.0,1.0,0.04200844121966096,0.04051914474823446,0.04341569559900627
german_credit,0.0,free_l2,native_exact_k_sparse,10,1.0,1.0,1.0,0.42750193541482656,0.36825100850666936,0.48578457050437357,1.0690278287692476,1.0406583044148834,1.0947679944007176,1.0,1.0,1.0,0.08217452329773059,0.07923823005745952,0.08502879947235517
german_credit,0.0,free_l2,nn_positive_train,10,1.0,1.0,1.0,3.3177098195992096,3.133479441264109,3.4978703802925155,4.987359393466945,4.83142601109798,5.1545463359485675,0.05984737764142798,0.0355703007518797,0.08396770458755586,0.047749900740036086,0.046470722434181974,0.04907107571683152
german_credit,0.0,free_l2,raw_leaf_projection,10,1.0,1.0,1.0,0.745380051528642,0.6011536526251592,0.8914769100237825,1.0934745559551051,1.0527527024081942,1.13614649122807,1.0,1.0,1.0,0.04507782402899364,0.043009835684059125,0.0472204242347901
german_credit,0.0,immutable_l2,clbr,10,0.727145908248883,0.5609977443609022,0.8781928571428571,0.9302677619734621,0.7675864908140327,1.1148879346389422,1.9319863126484065,1.5323078701347177,2.3336259929763217,0.886688385491577,0.8217171717171718,0.944089666612938,0.1536511265567945,0.11392220613532156,0.18855926160612846
german_credit,0.0,immutable_l2,clbr_uncached,10,0.727145908248883,0.5609977443609022,0.8781928571428571,0.9302677619734621,0.7675864908140327,1.1148879346389422,1.9319863126484065,1.5323078701347177,2.3336259929763217,0.886688385491577,0.8217171717171718,0.944089666612938,0.15517495510066612,0.11919556287233915,0.1874652765409373
german_credit,0.0,immutable_l2,exact_leaf,10,1.0,1.0,1.0,0.7536296395918869,0.5871975091715572,0.9219658225077936,1.1091417004048583,1.0542808945440525,1.1668594322344321,1.0,1.0,1.0,0.185870376676323,0.1645281866048424,0.20688687584348872
german_credit,0.0,immutable_l2,exact_leaf_cached,10,1.0,1.0,1.0,0.7536296395918869,0.5871975091715572,0.9219658225077936,1.1091417004048583,1.0542808945440525,1.1668594322344321,1.0,1.0,1.0,0.09755359341108366,0.09322113800214665,0.1018461247404431
german_credit,0.0,immutable_l2,leaf_centroid,10,0.6548398169336384,0.4979227688787185,0.8232608695652175,2.5642950275687504,2.3795609032206326,2.7709644622597347,3.9875,3.9625,4.0,0.0125,0.0,0.0375,0.10659769083620244,0.10012422666597501,0.11273179268447116
german_credit,0.0,immutable_l2,metric_clbr,10,0.7820932766699357,0.6533386727688787,0.9051216900948021,0.6465859523994106,0.5182750510667082,0.7859432284709742,1.5004597012894227,1.2814004385964914,1.7438547624717902,0.9571695951107715,0.930052807486631,0.9833333333333332,0.10869812703174091,0.0792871513302986,0.14025185421187916
german_credit,0.0,immutable_l2,metric_leaf_projection,10,0.6369766808325161,0.4486806009589191,0.8271739130434781,0.4804069862097857,0.4257782119621778,0.5355434115546513,1.0509331442551257,1.0198823529411765,1.0837842240576763,1.0,1.0,1.0,0.04868065869734101,0.04529903058997654,0.053346083684609774
german_credit,0.0,immutable_l2,native_exact_k_sparse,10,1.0,1.0,1.0,0.7536296395918869,0.5871975091715572,0.9219658225077936,1.1091417004048583,1.0542808945440525,1.1668594322344321,1.0,1.0,1.0,0.09722574285681176,0.09199955259742491,0.10273648399739374
german_credit,0.0,immutable_l2,nn_positive_train,10,0.681023646071701,0.516483709273183,0.8359420289855072,2.344805662894212,2.1710985584932927,2.501559813738322,3.0822845429424373,2.9594925629925632,3.196055115571563,0.7177252718042192,0.6558981698126437,0.7907532536907538,0.0552437212286455,0.049839975510193944,0.06194375412177721
german_credit,0.0,immutable_l2,raw_leaf_projection,10,0.47498975700119866,0.2650853083796448,0.6999170807453419,0.6071423046011539,0.4303435724711007,0.8068817722874279,1.0705263157894738,1.0,1.1905263157894737,1.0,1.0,1.0,0.04958570635288927,0.04673812596838646,0.05204699882170977
german_credit,0.0,immutable_top3_l1,clbr,10,0.725145908248883,0.5592375939849623,0.8742355072463769,1.0981360025317004,0.8773099543237247,1.3451126723039173,1.823913954720591,1.4740739560941218,2.1686832509436917,1.0,1.0,1.0,0.14880119493485883,0.10729137230370935,0.18997962283683206
german_credit,0.0,immutable_top3_l1,clbr_uncached,10,0.725145908248883,0.5592375939849623,0.8742355072463769,1.0981360025317004,0.8773099543237247,1.3451126723039173,1.823913954720591,1.4740739560941218,2.1686832509436917,1.0,1.0,1.0,0.1568297134367007,0.11630337852621737,0.19508188842941926
german_credit,0.0,immutable_top3_l1,exact_leaf,10,0.9847619047619048,0.968095238095238,1.0,0.8240180880534635,0.6318454394657138,1.019475603290284,1.1080374311109338,1.0528046703296703,1.1669874205573616,1.0,1.0,1.0,0.17848995646361315,0.15680918976867733,0.200927111379488
german_credit,0.0,immutable_top3_l1,exact_leaf_cached,10,0.9847619047619048,0.968095238095238,1.0,0.8240180880534635,0.6318454394657138,1.019475603290284,1.1080374311109338,1.0528046703296703,1.1669874205573616,1.0,1.0,1.0,0.0974852999049442,0.09346339571922138,0.10126145513508066
german_credit,0.0,immutable_top3_l1,leaf_centroid,10,0.6548398169336384,0.4979227688787185,0.8232608695652175,3.4592690177807413,3.084218407762914,3.8510158234822054,2.9875,2.9625,3.0,1.0,1.0,1.0,0.10224945344138578,0.09637610508211472,0.10835617882230524
german_credit,0.0,immutable_top3_l1,metric_clbr,10,0.7832837528604119,0.6547210825977988,0.904883281573499,0.726635949373251,0.5632523332428905,0.9052298783348501,1.4390406903038482,1.2410998343761503,1.6627783094098882,1.0,1.0,1.0,0.10301984757685216,0.0735258208165709,0.1341611705692121
german_credit,0.0,immutable_top3_l1,metric_leaf_projection,10,0.6403410700664706,0.454937343358396,0.8265356870436962,0.5074077723060424,0.4425830730063345,0.5741690492374697,1.0416888702161793,1.0105263157894737,1.0753360323886638,1.0,1.0,1.0,0.04683418540167133,0.04277558144944825,0.05323848779328294
german_credit,0.0,immutable_top3_l1,native_exact_k_sparse,10,1.0,1.0,1.0,0.8188166161132988,0.6296646877117394,1.0103594756732708,1.106760748023906,1.052602380952381,1.1649559234625024,1.0,1.0,1.0,0.09590733134552222,0.09206764391255824,0.09964836574975239
german_credit,0.0,immutable_top3_l1,nn_positive_train,10,0.681023646071701,0.516483709273183,0.8359420289855072,2.8822403212893986,2.683650283541948,3.07374483054156,2.8000098147466574,2.732990481740482,2.8648325103259316,1.0,1.0,1.0,0.0536801413467881,0.05000556092943797,0.059050467275377376
german_credit,0.0,immutable_top3_l1,raw_leaf_projection,10,0.4708158439577204,0.2624183801896044,0.6938605590062111,0.641612709998039,0.43224103651308876,0.9010438694446249,1.0705263157894738,1.0,1.1905263157894737,1.0,1.0,1.0,0.04808387323233603,0.045795428666829216,0.05053348228965567
synthetic_overlap,0.0,free_l2,clbr,10,1.0,1.0,1.0,0.5787768301876539,0.5239497859563904,0.6342068509152559,1.2027821460660537,1.1490572056384798,1.267408733508433,1.0,1.0,1.0,0.05753183523737574,0.055757979218250514,0.059301885164836435
synthetic_overlap,0.0,free_l2,clbr_uncached,10,1.0,1.0,1.0,0.5787768301876539,0.5239497859563904,0.6342068509152559,1.2027821460660537,1.1490572056384798,1.267408733508433,1.0,1.0,1.0,0.06619053070751489,0.06372133097117626,0.06855974840614891
synthetic_overlap,0.0,free_l2,exact_leaf,10,1.0,1.0,1.0,0.5601727716665006,0.5110302056999023,0.6069941549796908,1.214070463844343,1.1507432777353435,1.296282793761641,1.0,1.0,1.0,0.234715415159567,0.21583983822051403,0.2535547675617442
synthetic_overlap,0.0,free_l2,exact_leaf_cached,10,1.0,1.0,1.0,0.5601727716665006,0.5110302056999023,0.6069941549796908,1.214070463844343,1.1507432777353435,1.296282793761641,1.0,1.0,1.0,0.12084467203618769,0.1170792713764119,0.12446537995761278
synthetic_overlap,0.0,free_l2,leaf_centroid,10,1.0,1.0,1.0,3.993053177251683,3.8853171044052184,4.121399814597932,16.0,16.0,16.0,0.0,0.0,0.0,0.12610491872545498,0.12045387827364085,0.13204391447943498
synthetic_overlap,0.0,free_l2,metric_clbr,10,1.0,1.0,1.0,0.5601727716665006,0.5110302056999023,0.6069941549796908,1.214070463844343,1.1507432777353435,1.296282793761641,1.0,1.0,1.0,0.05757826938499513,0.05620335745129881,0.05872440492531072
synthetic_overlap,0.0,free_l2,metric_leaf_projection,10,1.0,1.0,1.0,0.5601727716665006,0.5110302056999023,0.6069941549796908,1.214070463844343,1.1507432777353435,1.296282793761641,1.0,1.0,1.0,0.05867310477232385,0.05684500892353592,0.060469219884049505
synthetic_overlap,0.0,free_l2,native_exact_k_sparse,10,1.0,1.0,1.0,0.5601727716665006,0.5110302056999023,0.6069941549796908,1.214070463844343,1.1507432777353435,1.296282793761641,1.0,1.0,1.0,0.11773096544752797,0.11476014039540348,0.12068081143562945
synthetic_overlap,0.0,free_l2,nn_positive_train,10,1.0,1.0,1.0,3.12495480202099,3.0545585816780747,3.207225742893097,16.0,16.0,16.0,0.0,0.0,0.0,0.06474966717716772,0.06353395376157883,0.06606347972706067
synthetic_overlap,0.0,free_l2,raw_leaf_projection,10,1.0,1.0,1.0,0.5787768301876539,0.5239497859563904,0.6342068509152559,1.2027821460660537,1.1490572056384798,1.267408733508433,1.0,1.0,1.0,0.060549560648526554,0.05882302710211114,0.06213896051006382
synthetic_overlap,0.0,immutable_l2,clbr,10,0.7646445955648871,0.6365117114164974,0.8843124230465728,0.7944297342019098,0.6793828546687373,0.9064185431910415,2.628452659411293,1.9750968565565585,3.292223487591992,0.8617549464343883,0.7992499941741292,0.9241783965511626,0.11970202138423065,0.09410066659244104,0.1428479495383275
synthetic_overlap,0.0,immutable_l2,clbr_uncached,10,0.7646445955648871,0.6365117114164974,0.8843124230465728,0.7944297342019098,0.6793828546687373,0.9064185431910415,2.628452659411293,1.9750968565565585,3.292223487591992,0.8617549464343883,0.7992499941741292,0.9241783965511626,0.12851787821856545,0.10333940779466372,0.1512115060730019
synthetic_overlap,0.0,immutable_l2,exact_leaf,10,1.0,1.0,1.0,0.8291923760129774,0.6523915085906281,1.03296399801304,1.1639881964087535,1.1072458394738585,1.2395394881446415,1.0,1.0,1.0,0.22447461061476925,0.21066509152376503,0.2396233633880833
synthetic_overlap,0.0,immutable_l2,exact_leaf_cached,10,1.0,1.0,1.0,0.8291923760129774,0.6523915085906281,1.03296399801304,1.1639881964087535,1.1072458394738585,1.2395394881446415,1.0,1.0,1.0,0.12465105327919097,0.12085003449159949,0.1286938069691125
synthetic_overlap,0.0,immutable_l2,leaf_centroid,10,0.6942255060138462,0.5731883526093973,0.8235764213805048,3.4829418520221607,3.3836175538916313,3.598463412248307,12.0,12.0,12.0,0.0,0.0,0.0,0.12643154325715117,0.12132506053034794,0.13077906405614761
synthetic_overlap,0.0,immutable_l2,metric_clbr,10,0.7633369883683807,0.6239176375946336,0.8901936648064559,0.7808298221462452,0.6668218114026541,0.8886848336533002,2.685377232118912,2.0664009772745557,3.301359811886697,0.857449030701612,0.799129790634182,0.9181625829741784,0.11937731075542586,0.09457618303302873,0.1410579731993736
synthetic_overlap,0.0,immutable_l2,metric_leaf_projection,10,0.665628257356154,0.5156611453386432,0.8122621734628341,0.5331299160550109,0.4924976049617605,0.5731840727496964,1.1310538175589957,1.0662159050222961,1.2160633043955145,1.0,1.0,1.0,0.0591539785368443,0.05787986865359783,0.0602455728315994
synthetic_overlap,0.0,immutable_l2,native_exact_k_sparse,10,1.0,1.0,1.0,0.8291923760129774,0.6523915085906281,1.03296399801304,1.1639881964087535,1.1072458394738585,1.2395394881446415,1.0,1.0,1.0,0.11977068437725302,0.11610243462036679,0.12330466226573175
synthetic_overlap,0.0,immutable_l2,nn_positive_train,10,0.6876497150830472,0.5339763637917095,0.8347931196005428,2.7378161500022107,2.6700609869817025,2.811595224522454,12.0,12.0,12.0,0.0,0.0,0.0,0.06447424630366413,0.06304821983390936,0.06596381693497942
synthetic_overlap,0.0,immutable_l2,raw_leaf_projection,10,0.6674409663432985,0.530126219683498,0.8100382407793887,0.5571540698685835,0.5129923097553939,0.6030275840422464,1.121103881924443,1.0723670768177045,1.1817650601689142,1.0,1.0,1.0,0.06052578714309744,0.05838110283324095,0.06305277548919318
synthetic_overlap,0.0,immutable_top3_l1,clbr,10,0.4176064986084807,0.31986902106393617,0.5095335045970228,1.5225480969702425,1.3827127302585684,1.6680476045360235,1.771546980501301,1.677786859043811,1.856215967533749,1.0,1.0,1.0,0.1706899870918933,0.16257416861889476,0.18037285994282154
synthetic_overlap,0.0,immutable_top3_l1,clbr_uncached,10,0.4176064986084807,0.31986902106393617,0.5095335045970228,1.5225480969702425,1.3827127302585684,1.6680476045360235,1.771546980501301,1.677786859043811,1.856215967533749,1.0,1.0,1.0,0.18566376729411507,0.17595327180980597,0.19576625131041375
synthetic_overlap,0.0,immutable_top3_l1,exact_leaf,10,0.5326997060725054,0.436457968865389,0.6264998543969588,1.0762875536882002,0.9638089055612967,1.2010816627070284,1.038998703079106,1.015926558242965,1.0671908822615719,1.0,1.0,1.0,0.19759753816877082,0.18201427732306563,0.21311209933461928
synthetic_overlap,0.0,immutable_top3_l1,exact_leaf_cached,10,0.5326997060725054,0.436457968865389,0.6264998543969588,1.0762875536882002,0.9638089055612967,1.2010816627070284,1.038998703079106,1.015926558242965,1.0671908822615719,1.0,1.0,1.0,0.09445169633842418,0.09063877877032554,0.09848502232857732
synthetic_overlap,0.0,immutable_top3_l1,leaf_centroid,10,0.32434713036745966,0.2575021513778841,0.39433001329566314,3.564452435855172,3.4734230054254294,3.6676244768944475,3.0,3.0,3.0,1.0,1.0,1.0,0.1250429420514943,0.11959834002818243,0.12999952946802118
synthetic_overlap,0.0,immutable_top3_l1,metric_clbr,10,0.42056089788124984,0.3210288979927954,0.5152442805160838,1.4939820622768845,1.3582996087800585,1.636103906239882,1.7471636515467075,1.6624965580166222,1.819904105018784,1.0,1.0,1.0,0.16710332900459893,0.15813287315254762,0.17645350252090725
synthetic_overlap,0.0,immutable_top3_l1,metric_leaf_projection,10,0.26592253581691927,0.2016611458537284,0.3278014136376587,0.6882289080123323,0.6283037967326474,0.74859782208827,1.019924756297097,1.0061942959001784,1.0365035999886165,1.0,1.0,1.0,0.055330698632427955,0.053670272541617485,0.057198650580595166
synthetic_overlap,0.0,immutable_top3_l1,native_exact_k_sparse,10,1.0,1.0,1.0,0.8714812116560916,0.6908034743024379,1.078160546354945,1.1433481872950602,1.0986344450140504,1.1968459561658906,1.0,1.0,1.0,0.12213543251708528,0.11788930455403657,0.12607568994004886
synthetic_overlap,0.0,immutable_top3_l1,nn_positive_train,10,0.4013295441009464,0.305826366193747,0.4915814077104968,3.6249741193954144,3.516425542123034,3.7273773447321292,3.0,3.0,3.0,1.0,1.0,1.0,0.06320646188092596,0.061442793975344495,0.06483136122049937
synthetic_overlap,0.0,immutable_top3_l1,raw_leaf_projection,10,0.258374255213788,0.1973386789843993,0.3182089740512497,0.6904745120229876,0.6283774776305548,0.7535496027508329,1.0256940748952943,1.0069613821138212,1.0494545454545454,1.0,1.0,1.0,0.0597258695608195,0.05797017841617679,0.06139745038295311
wine_binary,0.0,free_l2,clbr,10,1.0,1.0,1.0,0.8972541764357768,0.7962443162147732,1.0148367617307488,1.1584761904761904,1.0,1.3630380952380972,1.0,1.0,1.0,0.046012870819702754,0.04233550869270831,0.049727341485039524
wine_binary,0.0,free_l2,clbr_uncached,10,1.0,1.0,1.0,0.8972541764357768,0.7962443162147732,1.0148367617307488,1.1584761904761904,1.0,1.3630380952380972,1.0,1.0,1.0,0.050480479374621336,0.04562206733384948,0.05598552424009635
wine_binary,0.0,free_l2,exact_leaf,10,1.0,1.0,1.0,0.7911422610875751,0.7029433775757895,0.8872927675319415,1.106095238095238,1.0,1.2502857142857144,1.0,1.0,1.0,0.1401264859141119,0.11997111355840032,0.1617959745670905
wine_binary,0.0,free_l2,exact_leaf_cached,10,1.0,1.0,1.0,0.7911422610875751,0.7029433775757895,0.8872927675319415,1.106095238095238,1.0,1.2502857142857144,1.0,1.0,1.0,0.09555644873878584,0.08824380422680253,0.10298368216014565
wine_binary,0.0,free_l2,leaf_centroid,10,1.0,1.0,1.0,4.290685318688103,3.9444812592921474,4.699941235322378,12.97305194805195,12.93733766233766,13.0,0.0,0.0,0.0,0.07350717430523702,0.06764606955952936,0.07985569539578743
wine_binary,0.0,free_l2,metric_clbr,10,1.0,1.0,1.0,0.7911422610875751,0.7029433775757895,0.8872927675319415,1.106095238095238,1.0,1.2502857142857144,1.0,1.0,1.0,0.04576693730234612,0.04216419275091787,0.049298044574908634
wine_binary,0.0,free_l2,metric_leaf_projection,10,1.0,1.0,1.0,0.7911422610875751,0.7029433775757895,0.8872927675319415,1.106095238095238,1.0,1.2502857142857144,1.0,1.0,1.0,0.04493977491396337,0.04201147300999209,0.04801532335711477
wine_binary,0.0,free_l2,native_exact_k_sparse,10,1.0,1.0,1.0,0.7911422610875751,0.7029433775757895,0.8872927675319415,1.106095238095238,1.0,1.2502857142857144,1.0,1.0,1.0,0.0912955235832625,0.08511393949895006,0.09750988243792053
wine_binary,0.0,free_l2,nn_positive_train,10,1.0,1.0,1.0,4.582420547049663,4.010490250466262,5.220446605430438,12.844891707879324,12.810982874968168,12.879220268250842,0.0,0.0,0.0,0.045825498403452423,0.04228196074449516,0.04959473344101024
wine_binary,0.0,free_l2,raw_leaf_projection,10,1.0,1.0,1.0,0.8972541764357768,0.7962443162147732,1.0148367617307488,1.1584761904761904,1.0,1.3630380952380972,1.0,1.0,1.0,0.05177626720308798,0.04457922686273333,0.06200826887835001
wine_binary,0.0,immutable_l2,clbr,10,0.631406162464986,0.34255070028011203,0.9095238095238095,0.7272419493776003,0.5550683853299926,0.869869616798652,1.0,1.0,1.0,1.0,1.0,1.0,0.07483840264962324,0.05626688237472089,0.09474505565714868
wine_binary,0.0,immutable_l2,clbr_uncached,10,0.631406162464986,0.34255070028011203,0.9095238095238095,0.7272419493776003,0.5550683853299926,0.869869616798652,1.0,1.0,1.0,1.0,1.0,1.0,0.0792059866347996,0.059580466772619495,0.10099415480007609
wine_binary,0.0,immutable_l2,exact_leaf,10,0.631406162464986,0.34255070028011203,0.9095238095238095,0.7272419493776003,0.5550683853299926,0.869869616798652,1.0,1.0,1.0,1.0,1.0,1.0,0.13669001485287063,0.10439987297910237,0.175352268006828
wine_binary,0.0,immutable_l2,exact_leaf_cached,10,0.631406162464986,0.34255070028011203,0.9095238095238095,0.7272419493776003,0.5550683853299926,0.869869616798652,1.0,1.0,1.0,1.0,1.0,1.0,0.08929416660146183,0.07279944116743603,0.10705317859343882
wine_binary,0.0,immutable_l2,leaf_centroid,10,0.6268607079195314,0.34032838044308633,0.9004555003819711,4.378333013466647,3.9246506647187327,4.884020856799946,11.989658489658488,11.974506974506973,12.0,0.0,0.0,0.0,0.08334100135993276,0.07020732285303558,0.10041894886464371
wine_binary,0.0,immutable_l2,metric_clbr,10,0.6215975500247947,0.33640924101698094,0.891847537292429,1.3705230139548465,0.947456741494324,1.7933428620637075,5.362650312650313,3.090117845117845,8.069701779701779,0.5989658489658489,0.35031565656565655,0.8082076719576721,0.1651170021731065,0.12203089047066601,0.21908795841170142
wine_binary,0.0,immutable_l2,metric_leaf_projection,10,0.43819609183386266,0.21180290297937354,0.6613526999316472,0.6525770512621899,0.47309390952367464,0.7933748422429768,1.0,1.0,1.0,1.0,1.0,1.0,0.05245403121659862,0.046204194747323055,0.06093254610187932
wine_binary,0.0,immutable_l2,native_exact_k_sparse,10,0.631406162464986,0.34255070028011203,0.9095238095238095,0.7272419493776003,0.5550683853299926,0.869869616798652,1.0,1.0,1.0,1.0,1.0,1.0,0.08497111036715088,0.06865429322401231,0.10247084998701997
wine_binary,0.0,immutable_l2,nn_positive_train,10,0.6215975500247947,0.33640924101698094,0.891847537292429,4.3585184482899395,3.8544782472660604,4.869321303565984,11.862602212602212,11.812862554112554,11.92053872053872,0.0,0.0,0.0,0.05134238887612711,0.04434966315781768,0.06063420724122328
wine_binary,0.0,immutable_l2,raw_leaf_projection,10,0.631406162464986,0.34255070028011203,0.9095238095238095,0.7272419493776003,0.5550683853299926,0.869869616798652,1.0,1.0,1.0,1.0,1.0,1.0,0.05261367814258668,0.04621425461106637,0.06061011788107874
wine_binary,0.0,immutable_top3_l1,clbr,10,0.20743381180223283,0.06098409090909091,0.4106415869218503,0.9401946918930553,0.8494305449205681,1.0409080612472947,1.0,1.0,1.0,1.0,1.0,1.0,0.09609030123575815,0.08252030397730757,0.10727340358313328
wine_binary,0.0,immutable_top3_l1,clbr_uncached,10,0.20743381180223283,0.06098409090909091,0.4106415869218503,0.9401946918930553,0.8494305449205681,1.0409080612472947,1.0,1.0,1.0,1.0,1.0,1.0,0.10613334709009685,0.0919200606438898,0.11861100857693707
wine_binary,0.0,immutable_top3_l1,exact_leaf,10,0.20743381180223283,0.06098409090909091,0.4106415869218503,0.9401946918930553,0.8494305449205681,1.0409080612472947,1.0,1.0,1.0,1.0,1.0,1.0,0.11553469446364122,0.0919294435401878,0.14247380657794145
wine_binary,0.0,immutable_top3_l1,exact_leaf_cached,10,0.20743381180223283,0.06098409090909091,0.4106415869218503,0.9401946918930553,0.8494305449205681,1.0409080612472947,1.0,1.0,1.0,1.0,1.0,1.0,0.06845861188327403,0.056686527668500734,0.0861393188304968
wine_binary,0.0,immutable_top3_l1,leaf_centroid,10,0.20743381180223283,0.06098409090909091,0.4106415869218503,4.176746070585832,3.4506782689518922,5.016894692707332,3.0,3.0,3.0,1.0,1.0,1.0,0.07866593518800266,0.07256783373218942,0.0864198359436751
wine_binary,0.0,immutable_top3_l1,metric_clbr,10,0.20743381180223283,0.06098409090909091,0.4106415869218503,1.2446620515407336,1.0911980642866626,1.4445564571621015,1.6865079365079365,1.26984126984127,2.242063492063492,1.0,1.0,1.0,0.12155937460287958,0.10612695363811447,0.13687927544622058
wine_binary,0.0,immutable_top3_l1,metric_leaf_projection,10,0.14900205058099794,0.04,0.2899367737525634,0.8596915088514123,0.6728147580057777,1.0414397348495128,1.0,1.0,1.0,1.0,1.0,1.0,0.048924569179075755,0.044915876773541724,0.05327436713116208
wine_binary,0.0,immutable_top3_l1,native_exact_k_sparse,10,0.631406162464986,0.34255070028011203,0.9095238095238095,0.7272419493776003,0.5550683853299926,0.869869616798652,1.0,1.0,1.0,1.0,1.0,1.0,0.08335667219827274,0.07074863370439657,0.09522820134034397
wine_binary,0.0,immutable_top3_l1,nn_positive_train,10,0.20743381180223283,0.06098409090909091,0.4106415869218503,4.519134348945421,3.522652395766477,5.6462911131909665,3.0,3.0,3.0,1.0,1.0,1.0,0.04779757812458768,0.04489655478140339,0.051200694682791904
wine_binary,0.0,immutable_top3_l1,raw_leaf_projection,10,0.20743381180223283,0.06098409090909091,0.4106415869218503,0.9401946918930553,0.8494305449205681,1.0409080612472947,1.0,1.0,1.0,1.0,1.0,1.0,0.05245852713348352,0.04626007948950318,0.060304190040615775
